Act.NeSiteId,Actual Ne SiteName,SourceNode,Latitude,Longitude
APN002,DMT Sabulira Toba,GPON01-D7-APN-3,-0.89899,121.60649
APN003,DMT_Tayawa,L2SW-D7-PSO027,-1.44455,121.09383
BGI001,TBG_Kendek,GPON01-D7-BGI-4,-1.56316,123.55257
BGI002,TBG-Banggai_Laut,GPON01-D7-BGI-4,-1.584783,123.500363
BOA001,Tilamuta,GPON02-D7-MRA-3,0.525833333,122.3311111
BOA002,SIPATANA,GPON02-D7-ISM-3WGH,0.611444444,122.4936944
BOA003,Lamu,GPON02-D7-MRA-3TLM,0.514388889,122.3090833
BOA004,Wonosari,GPON04-D7-ISM-4WNS | GPON02-D7-ISM-3WGH,0.705638889,122.4840278
BOA005,BILATU,GPON08-D7-ISM-4BLT,0.517916667,122.6557778
BOA006,DULUPI,GPON07-D7-ISM-4DLP,0.52799,122.43834
BOA007,Mananggu,GPON01-D7-MRA-3,0.503388889,122.1464167
BOA008,Tapadaa,GPON10-D7-MRS-4TAP,0.474722,122.20166
BOA010,Repeater Bilatu 1,GPON08-D7-ISM-4BLT,0.518742,122.652087
BOA011,Repeater Bilatu 2,L2SW-D7-BOA011,0.48622,122.88833
BOA012,Satria 1,GPON00-D7-ISM-3,0.598138889,122.7964444
BOA014,SKP Tilamuta City=BOA104,GPON02-D7-MRA-3,0.526805556,122.3479167
BOA015,SKP_LAKEYA, GPON04-D7-ISM-4WNS,0.70545,122.512393
BOA017,SKP Lamu,GPON02-D7-MRA-3TLM,0.5215,122.3201389
BOA020,DMT Hulawa Boalemo,GPON02-D7-ISM-3WGH,0.62428,122.527327
BOA022,DMT BUNTULIA,GPON06-D7-MRA-4,0.51659,121.9494
BOA023,Protelindo Liputo,GPON09-D7-MRS-4TLMT,0.5565,122.3763
BOA024,PROTELINDO Dengilo 2,GPON04-D7-MRA-4PAG,0.5285,122.0908
BOA026,TBG Luluo,L2SW-D7-TSEL-BOA026,0.49085,122.816
BOA027,TBG Desa Pentado Barat,GPON09-D7-MRS-4TLMT,0.50515,122.34734
BOA030,TBG HARAPAN WONOSARI,GPON04-D7-ISM-4WNS,0.688691,122.483983
BOA041,TGM PENTADU BARAT,GPON09-D7-MRA-4TLMT,0.5248517,122.33987
BOA042,Sutan Hurudji,GPON02-D7-MRA-3,0.51722,122.34513
BOA043,TGM PETANDU RESIDENT,GPON07-D7-MRA-4LMU,0.539135,122.346016
BOA053,DMT MM Hunganoyaa,GPON02-D7-MRA-3,0.52924,122.34431
BOA058,TBG Huwogo,SW-D7-TSEL-BOA058,0.481675,122.744173
BOA065,EMA Pontolo,GPON01-D7-MRA-3MNG,0.49201,122.17865
BOA070,DMT SUKA MULYA,GPON04-D7-ISM-4WNS,0.70986,122.41357
BOA078,DMT MUTIARA,GPON02-D7-ISM-3WGH,0.66699,122.55328
BOA079,DMT MOLOMBULAHE PGYMN,GPON02-D7-ISM-3WGH,0.62927,122.5746
BUO001,BUOL,L2SW-D7-BUO001,1.165519819,121.4284095
BUO002,GALANG,GPON01-D7-TOL-3,1.16154,120.8157
BUO003,TBG_Bandara_Buol,GPON00-D7-BUO-4,1.1074,121.40755
BUO004,DMT Bunubogu Selatan,L2SW-D7-TLI037,1.0370104,121.611248
BUO005,Hulubalang,L2SW-D7-BUO005,1.098861111,121.9302222
BUO006,BUKAL,GPON00-D7-BUO-4,1.065138889,121.465
BUO007,BOKAT,GPON00-D7-BUO-4,1.094,121.4981
BUO009,Bunobagu,L2SW-D7-TLI037,1.0475,121.6115833
BUO010,Mendaan,L2-D7-BUO010,1.271583333,121.4111667
BUO011,Repeater Desa Los,L2-D7-BUO010,1.20702,121.40836
BUO012,LEOK,GPON00-D7-BUO-4,1.185,121.41837
BUO013,TBG_UNONE,GPON00-D7-BUO-4,1.05471,121.44064
BUO014,Bongo,L2SW-D7-TLI037,1.071388889,121.5393056
BUO015,NEGERI_LAMA,GPON00-D7-BUO-4,1.125999,121.46642
BUO016,Kulango-DMT,GPON00-D7-BUO-4,1.148729,121.414235
BUO017,TBG TONGON,GPON00-D7-BUO-4,1.134419,121.41285
BUO018,DMT Lokodidi,L2SW-D7-TLI037,1.05907,121.66142
BUO020,SKP_Paleleh,L2SW-D7-BUO005,1.046931,121.950452
BUO021,SKP_LAMADONG,GPON00-D7-BUO-4,1.117513,121.413013
BUO022,SKP_Baruga,L2-D7-BUO010,1.258917,121.402887
BUO023,SKP_Busak,L2-D7-BUO010,1.24642,121.35977
BUO024,DMT Kodolagon,GPON00-D7-BUO-4,1.08605,121.47926
BUO035,TBG_NEGERILAMA_2,GPON00-D7-BUO-4,1.157055,121.43544
BUO036,DMT_BUOL,GPON00-D7-BUO-4,1.16145,121.4144
BUO041,DMT_Gadung_Diapati,L2SW-D7-TLI037,1.05042,121.72269
BUO044,DMT_ISAT_Buol_Kota,GPON00-D7-BUO-4,1.16186,121.42663
BUO047,DMT_MM_RSUD_Buol,GPON00-D7-BUO-4,1.17138,121.42084
BUO060,DMT_Kuala_Besar,L2SW-D7-BUO005,1.03069,121.95577
BUO061,DMT_Pasar_Momunu,GPON00-D7-BUO-4,1.09365,121.33485
COI004,BULAGIDUN,L2SW-D7-TLI037,1.074246805,121.7297218
COI011,COMBAT CRU SIDOMUKTI,GPON04-D7-KOR-5BLN,0.488508,120.93432
COI012,Bolano,L2SW-D7-PGI060,0.441661,120.949832
COI018,IAAS_Combat_CRU-MTI,L2SW-D7-MTI,-2.88445,122.18172
COI019,IAAS_Combat_BTIIG_3,L2SW-D7-MRW059,-2.274785,121.76684
COI026,IAAS_Combat_BTIIG_2,L2SW-D7-MRW059,-2.254818,121.768345
COI028,IAAS Combat SEI Office NNI,GPON00-D7-KOL-4,-1.99764,121.432
COI030,IAAS_Combat_BTIIG_1,L2SW-D7-MRW059,-2.274785,121.76684
COI038,IAAS Combat SEI Smelter NNI,GPON00-D7-KOL-4,-2.007633,121.430672
COI092,Combat Rujab Bupati,GPON10-D7-LWU-4,-0.99495,122.789099
COI114,Combat_Kampus_Madako,GPON02-D7-TOL-4,-2.651462,118.80614
COI116,Lalong,GPON02-D7-BGI-4SLK,-1.2362,123.3971
COI140,Combat ARR Jatimulya,GPON04-D7-ISM-4WNS,0.70038,122.46313
COI158,COMBAT_RUKO_BAHODOPI,GPON03-D7-BKU-4BDP,-0.899803,119.890826
COI165,Combat ARR Biak,GPON06-D7-LWU-4BGA,0.32978,127.85967
COI196,Combat_Paslaten,GPON05-D7-PSO-4TBR,1.3589,125.0742
COI252,COMBAT_FATUFIA,GPON03-D7-BKU-4BDP,-0.355481,121.845011
COI256,Plan New Combat Pelabuhan Tilamuta/COMBAT ALUN ALU,GPON02-D7-MRA-3,0.529369,122.345772
COI282,Combat_Pajeko_Buol,GPON00-D7-BUO-4,1.133919,121.414003
COI355,Combat FUN Mini Grapari Morowali,GPON05-D7-BKU-3BHM,-2.789258,122.129979
COI367,Huntap_Biromaru_Sigi,GPON06-D7-PLB-5PBW,-0.9865,119.9396
COI368,Combat_Desa_Sakita,GPON10-D7-BKU-4,-2.55938,121.961832
COI372,Combat_Kolonedale,GPON00-D7-KOL-4,-1.970196,121.338713
COI389,Combat ARR Salonsa Ex_COD091,L2-D7-MRW057,-2.169612,121.517432
COI396,Combat ARR Oneputeh Jaya Ex_COD998,GPON06-D7-BKU-4BHT,-2.733403,122.009106
COI480,Combat_IAIN_Sultan_Amai,GPON01-D7-LBT-4,0.64562,122.96923
COI512,Combat_Kendek,GPON01-D7-BGI-4,-1.561428,123.551354
COI513,Combat GYD Kasoloang,L2SW-D7-TLI034,0.959384,120.26478
COI517,Huntap_Tondo,GPON05-D7-PLA-4,-0.83099,119.90508
COI546,Combat_Panggona_Raya,GPON06-D7-PLA-4,-0.86907,119.89483
COI547,Combat_Fun_Masama,GPON07-D7-LWU-4TGB,-0.865985,123.14971
COI548,Protelindo_Rep_Sinjai_Tanete,GPON02-D7-BUT-4,-0.89202,122.235
COI555,DMT Tusan,GPON02-D7-LWU-3BTI,-1.306639,122.52919
COI608,Combat_Wahyu_Fatufia,GPON03-D7-BKU-4BDP,-2.79639,122.12253
COI609,Combat_Pasar_Malam_Bahodopi,GPON03-D7-BKU-4BDP,-2.790465,122.13602
COI650,Combat_Tugu_Bahomakmur,GPON03-D7-BKU-4BDP,-2.81385,122.13228
COI657,TAIPA,GPON02-D7-TWL-4,-0.7737,119.8632
COI703,COMBAT BUPATI DONGGALA,GPON01-D7-DGL-4,-0.680533,119.755009
COI709,Combat FUN Lopo,GPON08-D7-GTL-4,0.49502,123.01562
COI750,Combat_Pulo_Dua,L2SW-D7-LWK019,-0.819183,123.431683
COI938,Combat CRU Harapan,GPON06-D7-MRA-4,0.688377,122.483858
COI952,Combat_FUN_Karwana_Sidera,GPON04-D7-PLB-4,-1.007545,119.90859
COI955,Combat_Kasintuwu,GPON02-D7-PSO-4,-1.37856,120.75975
COI960,imacro Gorontalo1,GPON00-D7-MRA-3,0.47858,121.94808
COI961,COMBAT_BUOL,GPON00-D7-BUO-4,1.154705,121.439642
DGL001,DONGGALA,ME-D7-DGL,-0.671256,119.745312
DGL002,Toaya,GPON03-D7-TWL-4TYA,-0.59677,119.79672
DGL003,KABONGA,ME-D7-DGL,-0.702669,119.766921
DGL004,Lapaloan,L2-D7-DGL004,-0.671166667,119.7316111
DGL005,LIMBORO,ME-D7-DGL,-0.721421,119.698851
DGL006,Alindau,L2SW-D7-DGL006,-0.371774,119.753097
DGL007,Tompe,L2SW-D7-DGL006,-0.21329,119.80958
DGL008,Lombonga,L2SW-D7-DGL129,-0.125916667,119.8046111
DGL009,Tambu,L2SW-D7-DGL129,-0.04506,119.875829
DGL010,Kambayang,L2SW-D7-DGL030,0.14392,119.83731
DGL011,TBG_Eboni_Donggala,GPON02-D7-DGL-4,-0.68033,119.75446
DGL012,Agoamas,L2SW-D7-TLI005,0.73812,120.13164
DGL013,TIPO,GPON02-D7-PLA-3,-0.85567,119.8242
DGL014,BIROMARU,ME2-D7-PAL,-0.949169,119.910929
DGL015,BALMON,ME2-D7-PAL,-0.948076,119.854336
DGL018,PALOLO,L2SW-D7-DGL019,-1.144983,120.065286
DGL019,BOBO,L2SW-D7-DGL019,-1.120063,119.995251
DGL020,TBG_Kola_Kola_Donggala,GPON02-D7-DGL-4,-0.73177,119.71142
DGL022,Salome,L2SW-D7-DGL079,0.342706,119.85
DGL024,TBG_Tamarenja,L2SW-D7-DGL043,-0.41854,119.79409
DGL026,Sindue,L2SW-D7-DGL006,-0.486555556,119.7641111
DGL028,DMT PANII DAMPELAS,L2SW-D7-DGL175,0.218752,119.934625
DGL030,Damsol,L2SW-D7-DGL030,0.213777778,119.8576667
DGL031,Balukang,L2SW-D7-DGL079,0.55971,120.067
DGL032,Dongko,SW-D7-TSEL-TLI041,0.792155,120.237148
DGL033,DMT Malonas Dampelas,L2SW-D7-DGL175,0.27060898,119.9221988
DGL034,DMT_Sojol,L2SW-D7-DGL034,0.582083333,120.0428333
DGL035,Malonas,L2SW-D7-DGL030,0.267835,119.899078
DGL036,Petimbe,L2SW-D7-DGL019,-1.126315,120.036626
DGL038,BOYA,ME-D7-DGL,-0.665732,119.739284
DGL039,DMT MARAWOLA,GPON01-D7-PLB-3,-0.941774,119.872261
DGL040,PROTELINDO MARANATHA,GPON05-D7-PLB-4,-1.040145,119.909219
DGL041,PROTELINDO MARAWOLA,GPON01-D7-PLB-3,-0.983762,119.860766
DGL043,Protelindo_Batusuya,L2SW-D7-DGL043,-0.408336,119.764679
DGL044,MS_Sibualong,L2SW-D7-DGL129,-0.047384,119.879855
DGL045,MSI_Meili,L2SW-D7-DGL129,-0.088469,119.848154
DGL046,MSI_Sindue_Tobata,L2SW-D7-DGL006,-0.33949,119.7643
DGL047,MSI_Labuan_Panimba,GPON01-D7-TWL-4,-0.663886,119.833915
DGL048,STP BANAWA,ME-D7-DGL,-0.67684,119.737413
DGL051,DMT_BANAWA_SELATAN,GPON02-D7-DGL-4,-0.800861111,119.63025
DGL053,DMTSidera_MW,GPON01-D7-PLB-3,-1.007333333,119.9261389
DGL054,DMTLoru_MW,GPON01-D7-PLB-3,-0.971269,119.946343
DGL055,DMT BORA,GPON03-D7-PLB-3BOR,-1.045558,119.948436
DGL057,DMT Dolo Barat,L2SW-D7-PAL017,-1.086068,119.869964
DGL059,DMT_Sejahtera,L2SW-D7-DGL019,-1.161169,120.131035
DGL061,DMTLangaleso_MW,GPON01-D7-PLB-3,-0.9827,119.89663
DGL062,Sungku,L2SW-D7-DGL062,-1.463652,119.995683
DGL063,DMT Karya Mukti,L2SW-D7-DGL170,0.129343,119.88974
DGL064,DMT_Bayang,L2SW-D7-DGL034,0.402213,119.88967
DGL066,DMT KINOVARO,GPON01-D7-PLB-3,-0.9544,119.83795
DGL069,ProtelindoPertaminaLoli_MW,GPON01-D7-PLA-3,-0.77829,119.792252
DGL070,Protelindo_Palolo_II,L2SW-D7-DGL019,-1.168417,120.068003
DGL071,Prot SabangDamsol,L2SW-D7-DGL030,0.21823,119.9039
DGL073,DMT Siwalempu,L2SW-D7-DGL079,0.52753,120.063562
DGL077,DMT_JONO_OGE,GPON04-D7-PLB-4,-0.97329,119.916304
DGL078,Protelindo_Tenggede_Selatan_DCS,GPON04-D7-PLB-4,-0.94066,119.863
DGL079,Pangalasiang,L2SW-D7-DGL079,0.47194,119.97424
DGL081,SIDERA II,L2SW-D7-DGL019,-1.10081,119.98209
DGL082,Siboang,L2SW-D7-DGL079,0.49631,120.033604
DGL083,Protelindo_Lambara,L2SW-D7-DGL019,-1.122564,120.015898
DGL084,Tolidusunsatu,L2SW-D7-DGL030,0.293745594,119.8778848
DGL087,PALNBBC7,L2SW-D7-DGL030,0.29845,119.88927
DGL088,Protelindo_PRS_Tambo_Dusun_4,L2SW-D7-DGL129,-0.06381,119.89854
DGL089,DMT_Boneoge,GPON02-D7-DGL-4,-0.666246,119.723103
DGL090,TBG_Tawanjuka,GPON05-D7-PLB-4,-0.959177,119.853343
DGL091,TBG Panimba Palu,GPON00-D7-TWL-3,-0.669729199,119.8210955
DGL093,TBGSidondo,GPON01-D7-PLB-3,-1.040076,119.8876
DGL096,DMTXLSidondo_MW,L2SW-D7-DGL096,-1.09368,119.90658
DGL098,TBGSUHARTO_MW,GPON04-D7-PLB-4,-0.93812,119.90168
DGL104,TBG_Salua Kulawi,L2SW-D7-PAL066,-1.348725,119.96348
DGL105,DMT ISAT Toaya,GPON03-D7-TWL-4TYA,-0.60563,119.8004
DGL106,TBG_Sambo,L2SW-D7-PAL017,-1.12019,119.8758
DGL115,DMT TANJUNG KARANG,GPON01-D7-DGL-4,-0.646536,119.737608
DGL116,DMT_Kaleke,GPON05-D7-PLB-4,-1.033393,119.876103
DGL117,DMT_Dalaka,GPON01-D7-TWL-4,-0.6477,119.80983
DGL118,PST MCP Panau,GPON01-D7-PLB-3,-0.95061,119.91795
DGL127,"TBG Sipi	",L2SW-D7-DGL007,-0.23339,119.8251
DGL128,Tondo S,L2SW-D7-DGL006,-0.25951,119.79167
DGL129,Labean,L2SW-D7-DGL129,-0.12078,119.83275
DGL130,Kavaya,GPON03-D7-TWL-4TYA,-0.56937,119.7891
DGL131,DMT Polo Pangale,L2SW-D7-DGL175,0.24326,119.91753
DGL132,EBT Ganti,GPON02-D7-DGL-4,-0.70493,119.72964
DGL134,DMT Budimukti,L2SW-D7-DGL170,0.129343,119.88974
DGL136,DMT Lende,L2SW-D7-DGL129,-0.18603,119.8175
DGL137,TBG_Siweli,L2SW-D7-DGL129,-0.004606,119.888779
DGL139,Api Sojol Utara,L2SW-D7-TLI005,0.74117,120.09784
DGL140,Nokilalaki,L2SW-D7-DGL019,-1.18615,120.14468
DGL141,Quattro_Berdikari_Palolo,L2SW-D7-DGL019,-1.1246,120.0849
DGL157,DMT_Tosale,GPON02-D7-DGL-4,-0.7558,119.68208
DGL170,Sibayu,L2SW-D7-DGL170,0.10149,119.87263
DGL175,Long-Dampelas,L2SW-D7-DGL175,0.3202346,119.8608624
DGL180,DMT Petobo Ex DMT Veteran Lorong,GPON04-D7-PLB-4,-0.93059,119.9444
DGL182,CMI Tanjung Padang,L2SW-D7-DGL0128,-0.231011,119.804571
GTO001,Gorontalo,GPON01-D7-GTL-3,0.551944444,123.058333
GTO002,Gorontalo 2,GPON01-D7-GTL-3,0.544101,123.084874
GTO003,Pel. Gorontalo,GPON01-D7-GTL-3,0.523515,123.06
GTO004,Santika,GPON01-D7-GTL-3,0.544222,123.053056
GTO005,Kota Utara,GPON01-D7-GTL-3,0.574688,123.059
GTO006,Tappa,GPON01-D7-GTL-3,0.605894,123.080289
GTO007,ASPARAGA,GPON02-D7-TLG-4,0.5575,123.022
GTO008,BLACK MARLIN,GPON04-D7-GTL-3,0.495833,123.0477778
GTO009,Meranti Gorontalo,GPON01-D7-GTL-3,0.582056,123.110191
GTO010,Hotel Quality Gorontalo,GPON04-D7-GTL-3,0.534905,123.060281
GTO012,Agus Salim,GPON04-D7-GTL-3,0.5671667,123.04
GTO013,Limboto 2,GPON00-D7-LBT-3,0.623,122.95691
GTO014,Limboto 3,GPON00-D7-LBT-3,0.37928,123.0154
GTO015,Wonggahu,GPON02-D7-ISM-3WGH,0.637555556,122.5576111
GTO017,Asparage 2,GPON01-D7-GTL-3,0.558967,123.035417
GTO018,Santika 2,GPON01-D7-GTL-3,0.546719,123.069148
GTO019,Kabila 2,GPON03-D7-GTL-3,0.52644,123.07865
GTO020,Kantor Gubernur Gorontalo,GPON04-D7-GTL-3,0.523388889,123.0774167
GTO021,Kota Selatan,GPON01-D7-GTL-3,0.54416667,123.0530556
GTO022,Awara Gorontalo,GPON01-D7-GTL-3,0.563681,123.052262
GTO024,TUPA,GPON02-D7-TLG-4,0.656312,123.087752
GTO026,Polda Gorontalo Indoor,GPON00-D7-TLG-5,0.598401,123.031
GTO028,Kayu Merah,GPON00-D7-LBT-3,0.637138889,122.9814444
GTO029,Lakeya,GPON01-D7-ISM-3,0.71181,122.53719
GTO030,Pongolaila,GPON00-D7-ISM-3,0.651764,122.799269
GTO031,Duhiadaa,GPON00-D7-MRA-3,0.487639,121.9213611
GTO032,Teratai,GPON00-D7-MRA-3,0.468611111,121.958168
GTO033,Tenilo,GPON01-D7-GTL-3,0.54477778,123.0374444
GTO034,Grapari Gorontalo,GPON01-D7-GTL-3,0.540085,123.058214
GTO035,Toto Utara,GPON03-D7-GTL-3,0.573733,123.090936
GTO036,Telaga Jaya,GPON04-D7-GTL-3,0.5328,123.069662
GTO037,TBG Wongkoditi,GPON01-D7-GTL-3,0.5665,123.0683
GTO038,DMT Dungingi,GPON03-D7-GTL-3,0.560458,123.04511
GTO039,DMT Oluhuta,GPON03-D7-GTL-3,0.540698,123.102077
GTO040,Bengsol,GPON01-D7-GTL-3,0.58880556,123.0693056
GTO042,SKP_PANTAI_BONGO,GPON01-D7-GTL-3,0.497878,123.031604
GTO043,SKP Leato Utara,GPON01-D7-GTL-3,0.499444444,123.0691667
GTO044,SKP Huangobotu,GPON01-D7-GTL-3,0.471472222,123.1062222
GTO045,SKP Molutabu,GPON08-D7-GTL-4,0.435138889,123.1336111
GTO046,SKP Moodu,GPON01-D7-GTL-3,0.5395833,123.0708611
GTO047,TBG RS. Aloe Saboe,GPON01-D7-GTL-3,0.555,123.08575
GTO048,SKP Leato,GPON01-D7-GTL-3,0.506166667,123.0634167
GTO049,DMT Talumolo,GPON04-D7-GTL-3,0.521966,123.063283
GTO050,DMT Eato,GPON01-D7-GTL-3,0.540308,123.046824
GTO051,DMT Dembe Jaya,GPON01-D7-GTL-3,0.554937,123.073112
GTO052,DMT Pulubala,GPON04-D7-GTL-3,0.571603,123.051982
GTO053,DMT Tilango,GPON01-D7-GTL-3,0.566339,123.027871
GTO054,DMT Hulawa,GPON03-D7-GTL-3,0.586306,123.049913
GTO056,Protelindo Duwila,GPON02-D7-TLG-4,0.582651,123.0379722
GTO057,Protelindo Siendeng,GPON01-D7-GTL-3,0.53235,123.049889
GTO058,Protelindo Panjaitan Micro,GPON04-D7-GTL-3,0.54533,123.06205
GTO059,TBG Motilango,GPON01-D7-GTL-3,0.579784,123.109943
GTO060,DMT Otanaha,GPON04-D7-GTL-3,0.547259,123.008962
GTO061,Protelindo Biluango,GPON04-D7-GTL-3,0.46166,123.1179
GTO063,DMT Poowo,GPON01-D7-GTL-3,0.5604,123.1013
GTO064,TBG Batu Baranai,GPON01-D7-GTL-3,0.47924,123.087
GTO065,Mall Gorontalo_outdoor,GPON01-D7-GTL-3,0.537769,123.062889
GTO066,Kota Barat,GPON01-D7-GTL-3,0.551536,123.049579
GTO067,TBG Tenillo 2,GPON04-D7-GTL-3,0.553418,123.031
GTO068,TBG Buhu,GPON05-D7-GTL-4,0.5782,123.04908
GTO069,DMT Pasar Sentral,GPON01-D7-GTL-3,0.546408,123.057826
GTO070,TBG Kampus UNG,GPON01-D7-GTL-3,0.55529,123.06312
GTO071,TBG Kaputih,GPON01-D7-GTL-3,0.557,123.05088
GTO073,Wartabone,GPON01-D7-GTL-3,0.5302,123.0588
GTO077,Rumah Jalan Bandeng,GPON01-D7-GTL-3,0.53136,123.0671
GTO079,Ruko Jamaludin,GPON03-D7-GTL-3,0.54978,123.063
GTO080,DMT Pasar Liluwo,GPON01-D7-GTL-3,0.56669,123.05775
GTO081,DMT Sapta Marga,GPON01-D7-GTL-3,0.52754,123.06586
GTO082,DMT Gunung Agung,GPON01-D7-GTL-3,0.53257,123.05592
GTO084,DMT MT Hariyono,GPON03-D7-GTL-3,0.53388,123.07007
GTO085,DMT Halmahera Molosipat,GPON01-D7-GTL-3,0.579274,123.056156
GTO086,DMT Cendrawasih 1,GPON01-D7-GTL-3,0.54086,123.06716
GTO088,DMT DI PANJAITAN,GPON04-D7-GTL-3,0.495833,123.0477778
GTO089,Protelindo Pauwo,GPON01-D7-GTL-3,0.53482,123.084
GTO090,Protelindo Liluwo,GPON01-D7-GTL-3,0.55929,123.06506
GTO091,TBG Buhu Agus Salim,GPON01-D7-GTL-3,0.565,123.04243
GTO094,DMT TLG Kabila Bone,GPON01-D7-GTL-3,0.571703,123.1274
GTO095,DMT Pilohayanga TLG,GPON00-D7-LBT-3,0.60458,123.05766
GTO096,PROT_MOLOSIFAT_RAJAWALI_GTO096,GPON01-D7-GTL-3,0.53515,123.06654
GTO097,TBG Heledulaa Selatan,GPON01-D7-GTL-3,0.53757,123.11601
GTO098,TBG Telaga Dusun Tiga,GPON03-D7-GTL-3,0.584992,123.033
GTO099,TBG Arif Rahman Hakim,GPON03-D7-GTL-3,0.56052,123.05939
GTO100,TBG Bungingi delima,GPON04-D7-GTL-3,0.553418,123.031
GTO102,TBG_DUNGINGIBUHU,GPON08-D7-GTL-4,0.55541,123.04413
GTO103,TBG Dulomo selatan,GPON01-D7-GTL-3,0.576,123.07006
GTO104,TBG Molosipat,GPON04-D7-GTL-3,0.565986,123.035
GTO105,TBG Buhu Telaga,GPON01-D7-GTL-3,0.558,123.05447
GTO116,MC Hotel Citra,GPON01-D7-GTL-3,0.533881,123.062273
GTO117,MC pasar sentral GTO,GPON03-D7-GTL-3,0.548038,123.058986
GTO119,MC Toko Hidup Baru,GPON03-D7-GTL-3,0.563191,123.047775
GTO120,MC Ruko Garuda,GPON01-D7-GTL-3,0.542778,123.061285
GTO121,MCR Kost Budi Utomo,GPON03-D7-GTL-3,0.547413,123.061547
GTO122,MC Mall Mega Zanur,GPON04-D7-GTL-3,0.544213,123.05586
GTO123,TBG Jeruk Wumialo,GPON04-D7-GTL-3,0.567167,123.04
GTO124,MC Mesjid Agung Baiturahim,GPON01-D7-GTL-3,0.53765,123.06013
GTO125,MC Milinov Garden,GPON04-D7-GTL-3,0.552636,123.054185
GTO127,MC Fitrah Mandiri,GPON01-D7-GTL-3,0.565008,123.076278
GTO129,MC ALDISTA,GPON03-D7-GTL-3,0.546808364,123.0545764
GTO130,MC Kos Pelangi,GPON03-D7-GTL-3,0.538263,123.07707
GTO131,MC Landra Fashion,GPON03-D7-GTL-3,0.585997,123.063838
GTO136,MC Kost Brilian,GPON03-D7-GTL-3,0.555051,123.060179
GTO137,MCR Raja Eato,GPON01-D7-GTL-3,0.540375,123.058
GTO138,MC Mesjid Nuruh Haq,GPON03-D7-GTL-3,0.54446,123.066412
GTO147,MC Masjid Mutaqaddir,GPON01-D7-GTL-3,0.541918,123.093716
GTO148,MC Masjid Hunto Biau,GPON03-D7-GTL-3,0.534081,123.054599
GTO149,MCR Gorontalo Post,GPON03-D7-GTL-3,0.571376,123.056049
GTO162,DMT KANTOR BUPATI BONE BOLANGO_DCS,GPON01-D7-GTL-3,0.55801,123.144887
GTO163,BTH GTO Sudirman 1_BTH GTO HB Jassin 1_BHT GTO HB,GPON04-D7-GTL-3,0.55246,123.06309
GTO165,BTH GTO HB JASSIN 1,GPON04-D7-GTL-3,0.559839,123.04819
GTO166,BHT GTO HB JASSIN 2,GPON04-D7-GTL-3,0.57039,123.04713
GTO173,MCR Jalan Manado,GPON04-D7-GTL-3,0.564585,123.056
GTO178,TBG heledulaa sawa,GPON03-D7-GTL-3,0.551854,123.066937
GTO182,Telecode Isat Buladu,GPON04-D7-GTL-3,0.5468,123.032602
GTO183,SC Grapari Gorontalo,GPON01-D7-GTL-3,0.552259,123.058
GTO184,DMT ISAT TAPA,GPON04-D7-GTL-3,0.585329,123.072671
GTO185,MCR Telaga Indah,GPON04-D7-GTL-3,0.537906,123.068481
GTO186,PROTELINDO BULLIDE,GPON03-D7-GTL-3,0.53672,123.04956
GTO187,PROTELINDO BIAWAO (PROTELINDO LIMBA KOTA SELATAN),GPON04-D7-GTL-3,0.54052,123.05521
GTO188,DMT TINALOGA,GPON01-D7-GTL-3,0.56441,123.08937
GTO189,MC_MUTTATHOHIRIN,GPON05-D7-GTL-4,0.611152778,123.0836361
GTO190,Protelindo Lupoyo,GPON03-D7-GTL-3,0.57582,123.08273
GTO192,DMT Tineloayla,GPON03-D7-GTL-3,0.595935,123.079318
GTO193,DMT BULOTALANGI,GPON08-D7-GTL-4,0.590507,123.104659
GTO194,DMT BUNGOIME,GPON04-D7-GTL-3,0.57362,123.11373
GTO199,DMT Kompas Oluhuta,GPON08-D7-GTL-4,0.550219444,123.0969
GTO200,DMT TULADENGGI,GPON03-D7-GTL-3,0.559629,123.030381
GTO201,Taman Surya,GPON05-D7-GTL-4,0.55084,123.07828
GTO203,DMT Panggulo,GPON03-D7-GTL-3,0.52412,123.11272
GTO204,DMT Leato Selatan,GPON01-D7-GTL-3,0.49242,123.08066
GTO208,MCR Rambutan,GPON08-D7-GTL-4,0.56274,123.03883
GTO209,MCR PERUM ASPARAGA,GPON08-D7-GTL-4,0.56051,123.04046
GTO210,MCR SUDIRMAN MUDA,GPON03-D7-GTL-3,0.554009,123.05017
GTO212,TBG MCP WUMIALO,GPON03-D7-GTL-3,0.55582,123.04742
GTO213,DMT MCP BUGIS DUMBORAYA,GPON03-D7-GTL-3,0.52864,123.06106
GTO215,DMT MCP TUMBIHE,GPON03-D7-GTL-3,0.53839,123.08785
GTO216,TBG MCP HULONTHALANGI,GPON03-D7-GTL-3,0.52987,123.05416
GTO217,TBG MCP MATOLODULA,GPON03-D7-GTL-3,0.53675,123.0727
GTO218,TBG MCP LILUWO TENGAH,GPON03-D7-GTL-3,0.566074,123.054381
GTO219,HUANGOBOTU_2,GPON03-D7-GTL-3,0.58197,123.06344
GTO220,TBG MCP LILUWO TENGAH,GPON03-D7-GTL-3,0.56951,123.062528
GTO229,TBG MCP SMPN7 Gorontalo,GPON08-D7-GTL-4,0.54932,123.05499
GTO230,TBG ALOEISABOE,GPON08-D7-GTL-4,0.54092,123.07597
GTO232,Santika 2_DCS,GPON01-D7-GTL-3,0.561472,123.074222
ISM001,Isimu Telkom,GPON00-D7-ISM-3,0.648611111,122.8583056
ISM002,Limboto,GPON00-D7-LBT-3,0.6283,122.982
ISM003,Telaga,GPON01-D7-GTL-3,0.611082,123.024
ISM004,Yosonegoro,GPON00-D7-ISM-3,0.640277778,122.9261111
ISM005,Paguyaman,GPON01-D7-ISM-3PGY,0.688556,122.597
ISM006,Kwandang,GPON00-D7-KWD-3,0.829021,122.917607
ISM007,BatuDaa,GPON00-D7-KWD-3,0.762278,122.85048
ISM008,Atingola,GPON01-D7-KWD-4,0.91724,123.13567
ISM009,PELABUHAN ANGGREK,GPON03-D7-KWD-3IGT,0.852277778,122.7649722
ISM010,Payunga$ISM010MW1,GPON00-D7-ISM-3,0.565194444,122.9491111
ISM011,BONTULA,GPON03-D7-ISM-4,0.705555556,122.8250833
ISM012,TANJUNG KARANG,GPON02-D7-KWD-4GTM,0.94125,122.9971389
ISM013,POLATO,L2-D7-ISM013,0.914583333,122.95125
ISM014,Tumba,GPON00-D7-ISM-3,0.6605,122.759
ISM015,Repeater Kayu Bulan ONT 3,GPON00-D7-ISM-3,0.501861,122.975167
ISM017,KAYU BULAN,GPON08-D7-GTL-4,0.501861,122.975167
ISM018,Deme,L2-D7-ISM018,0.967666667,122.5468611
ISM019,Sumalata,L2SW-D7-ISM019,0.992194444,122.3975278
ISM020,Parungi,GPON01-D7-ISM-3,0.6319,122.6383889
ISM021,Bongomeme,GPON00-D7-ISM-3,0.604666667,122.8842222
ISM022,Toulinggula,ME-D7-TGL,1.023,122.1509444
ISM023,REPEATER_KASIA,L2SW-D7-TSEL-ISM023,0.996111111,122.3356667
ISM025,Telaga 2,GPON04-D7-GTL-3,0.588944444,123.0245556
ISM026,DUMODOLO,GPON02-D7-KWD-4GTM,0.92252,123.05101
ISM027,Dambalo,GPON00-D7-KWD-3,0.860361,122.926
ISM028,TBG BUHU TIBAWA,GPON03-D7-ISM-4,0.71295,122.8567
ISM029,ATINGOLA 2,GPON01-D7-KWD-4,0.9126,123.10802
ISM030,Padengo,GPON00-D7-ISM-3,0.642527778,122.8917222
ISM032,TBG_IAIN_SULTAN_AMAI,GPON01-D7-LBT-4,0.646894,122.971753
ISM034,MOHIYOLO,GPON06-D7-ISM-4ASP,0.77639,122.44274
ISM035,Tolongio,GPON00-D7-KWD-3,0.808388889,122.8223889
ISM036,TOBANGO,GPON00-D7-ISM-3,0.58197,122.92434
ISM037,Batudaa 2,GPON01-D7-GTL-3,0.5529,122.9849
ISM039,DMT Boliyohuto,GPON01-D7-ISM-3,0.66041,122.62019
ISM040,Dutulanaa,GPON00-D7-LBT-3,0.63781,122.99248
ISM041,SKP Luhu,GPON03-D7-GTL-3,0.592777778,123.0410833
ISM042,DMT Telaga Biru,GPON04-D7-GTL-3,0.598666667,123.0324444
ISM043,DMT Ulapato,GPON00-D7-LBT-3,0.62022,123.03444
ISM044,DMT Limboto City,GPON00-D7-LBT-3,0.626083333,122.9927222
ISM045,DMT Limboto 4,GPON00-D7-LBT-3,0.6225,122.9713611
ISM046,DMT Tunggulo,GPON00-D7-LBT-3,0.624555556,122.9416111
ISM047,DMT Padengo 2,GPON00-D7-ISM-3,0.640611111,122.9079444
ISM048,DMT Paris,GPON01-D7-ISM-3PGY,0.700194444,122.6446389
ISM049,SKP IMANA,GPON02-D7-KWD-4GTM,0.907166667,123.0848056
ISM050,SKP Kwandang,GPON00-D7-KWD-3,0.840611111,122.9144722
ISM051,DMT Malingkapoto,GPON00-D7-KWD-3,0.78645,122.86694
ISM052,TBG Daenaa,GPON03-D7-ISM-4,0.660115,122.923298
ISM053,MW1_TBG Pelabuhan Gentuma,GPON02-D7-KWD-4GTM,0.92939,123.03632
ISM055,TBG Bulalo,GPON00-D7-KWD-3,0.814579,122.897341
ISM056,TBG Labanu,GPON00-D7-KWD-3,0.740963,122.84459
ISM057,DMT Satria Mootilango,GPON05-D7-ISM-4PRS,0.718072,122.673969
ISM058,DMT Buluwatu,L2SW-D7-TSEL-ISM058,0.951271,122.590987
ISM061,DMT Toulinggula Tengah,ME-D7-TGL,1.01254,122.17496
ISM063,Bongohulawa,GPON00-D7-ISM-3,0.59449,122.84209
ISM064,SIMPANG TIGA,GPON00-D7-KWD-3,0.882555556,122.9457778
ISM065,Protelindo Tangkobu,GPON02-D7-ISM-3WGH,0.62575,122.59628
ISM066,TBG Limehe Barat,GPON03-D7-ISM-4,0.62581398,122.9054041
ISM067,DMT Batumoputih,GPON00-D7-ISM-3,0.6816,122.8539
ISM068,DMT DATAHU,GPON03-D7-ISM-4,0.67716,122.79921
ISM073,Protelindo Telaga Tuladenggi,GPON00-D7-LBT-3,0.603,123.02902
ISM074,Protelindo Pentadio Timur,GPON00-D7-LBT-3,0.63305,122.97758
ISM075,Protelindo Ulapato Sentral,GPON00-D7-LBT-3,0.62415,122.98209
ISM076,PROTELINDO PONTOLO,GPON03-D7-KWD-4,0.882711111,122.9606389
ISM077,Protelindo Rumah bandeng,GPON01-D7-GTL-3,0.52816,123.05659
ISM078,Protelindo Kota utara buhu,GPON01-D7-GTL-3,0.577548,123.051743
ISM079,TBG HUTABOHO,GPON00-D7-ISM-3,0.62069,122.91539
ISM080,TBG BAKTI,GPON03-D7-ISM-4,0.635669807,122.7485321
ISM081,TBG Bongomeme,GPON00-D7-ISM-3,0.6237,122.89003
ISM083,TBG Kwandang irigasi,GPON00-D7-KWD-3,0.8013,122.9221
ISM084,TBG Merpatiling3,GPON00-D7-LBT-3,0.6535,123.0029
ISM085,TBG Ulapato A,GPON00-D7-LBT-3,0.6185,122.97885
ISM087,TBG ISIMU SELATAN,GPON00-D7-ISM-3,0.66668,122.8523
ISM107,STP Talumopatu,GPON00-D7-LBT-3,0.62618,122.988
ISM114,DMT ISAT PAYANGA,GPON00-D7-LBT-3,0.61306296,123.0169318
ISM115,DMT LIMBOTO BARAT,GPON00-D7-LBT-3,0.635362071,122.94777
ISM116,MC Hunggaluwa,GPON00-D7-LBT-3,0.547034,123.077135
ISM118,DMT Hutuo Limboto,GPON01-D7-LBT-4,0.625606,122.999751
ISM119,MC Hepuhulawa,GPON00-D7-LBT-3,0.63095,122.982
ISM120,DMT TANGGELA,GPON02-D7-TLG-4,0.57525,123.03505
ISM121,TBG Isimu,GPON03-D7-ISM-4,0.6448198,122.87437
ISM122,DMT TOLOTIO,GPON03-D7-ISM-4,0.64976835,122.8444015
ISM123,DMT Bongomeme,GPON00-D7-ISM-3,0.60152,122.86402
ISM124,TBG BUATA,GPON01-D7-KWD-4ATG,0.868827,123.157173
ISM125,PROTELINDO HEPUHULAWA,GPON00-D7-LBT-3,0.6342,122.9872
ISM126,DMT Huntu Batudaa,GPON00-D7-ISM-3,0.55643,122.964941
ISM127,STP Sudirman Limboto,GPON00-D7-LBT-3,0.626847,122.976513
ISM128,Airport Gorontalo,GPON00-D7-ISM-3,0.64042,122.84472
ISM129,DMT TIBAWA,GPON03-D7-ISM-4,0.6580818,122.85402
ISM130,DMT HIPPY HULAWA,GPON02-D7-TLG-4,0.58375,123.0439
ISM131,MC WAHAB LIMBOTO CR fr DMT Panggulo/ZTE New146_Nor,GPON00-D7-LBT-3,0.60672,123.02877
ISM132,MC HUWALA,GPON02-D7-TLG-4,0.581679,123.045891
ISM135,MC Kayu Bulan,GPON00-D7-LBT-3,0.6283,122.985
ISM136,DMT TUALANGO,GPON08-D7-GTL-4,0.549079937,123.0215534
ISM139,DMT BIYONGA,GPON00-D7-LBT-3,0.6602,122.9852
ISM143,DMT MAKMUR ABADI,GPON01-D7-ISM-3,0.69875,122.56275
ISM147,MC Telaga Biru,GPON00-D7-LBT-3,0.619096,123.012877
ISM150,DMT PLTU ANGGREK,GPON03-D7-KWD-3IGT,0.85712,122.7852
ISM151,MARGO MULYO,GPON01-D7-ISM-3,0.67582,122.63532
ISM166,DMT_BULIA_TELAGA,GPON02-D7-TLG-4,0.57954,123.04232
ISM168,PST MCP Mongolato,GPON04-D7-GTL-3,0.59095,123.03647
ISM169,DMT BAKTI,GPON03-D7-ISM-4,0.60186,121.766483
ISM170,DMT TOHUPO,GPON03-D7-ISM-4,0.56512,122.85298
ISM171,DMT Pilomonu,GPON05-D7-ISM-4PRS,0.73292,122.61462
ISM185,TBG Pelabuhan Kwandang,GPON00-D7-KWD-3,0.850373,122.905248
ISM189,DMT KARYA MUKTI,GPON05-D7-ISM-4PRS,0.69713,122.67652
ISM195,POSSO,GPON03-D7-KWD-4,0.81562,122.9147
ISM197,BULONTIO TIMUR,L2SW-D7-ISM019,0.97809,122.4252
ISM198,BOAxxx,GPON01-D7-ISM-3PGY,0.747196,122.505176
ISM205,DMT Motilango,GPON03-D7-KWD-3IGT,0.78368,122.82186
ISM209,TBG KARYA INDAH,GPON06-D7-ISM-4ASP,0.77103,122.48223
ISM210,DMT Tamaila,GPON01-D7-ISM-3PGY,0.74072,122.54519
ISM211,DMT SIDOMULYO BOLIYOHUTO,GPON09-D7-ISM-4BUM,0.645843,122.617633
KNL003,TBG_Korolama,GPON00-D7-KOL-4,-2.01381,121.33241
KNL004,Permanenisasi_COI372-Bahoue,GPON00-D7-KOL-4,-1.97025,121.34064
KNL005,Hillcon Jaya Sakti,L2SW-D7-MRW015,-2.096257,121.456185
KNL006,TBG Moroles Morowali,L2-D7-MRW057,-2.160303,121.48699
KWA001,DMT LEBOTO,GPON03-D7-KWD-4,0.80649,122.88055
KWA006,Tolingula Pantai (Umu),GPON05-D7-KWD-4TOL,1.017585,122.208867
LWK001,LuwukBanggai_MW,ME-D7-LWK,-0.954309,122.788881
LWK002,Toili,L2SW-D7-LWK002,-1.462305556,122.3464444
LWK004,BATUILUWUK,L2SW-D7-LWK004,-1.29158,122.547566
LWK005,KINTOM,GPON03-D7-LWU-3BBG,-1.135,122.7019444
LWK006,TONGKIAN,GPON02-D7-LWU-3BTI,-1.23461,122.62901
LWK007,DMT-Hanga_Hanga,GPON04-D7-LWU-4,-0.9603,122.7769
LWK008,Bunta,GPON02-D7-BUT-4,-0.832762,122.163352
LWK009,Tangeban,SW-D7-HONDUHON-4,-0.84991,123.15631
LWK010,PertaminaLuwuk_MW,ME-D7-LWK,-0.933777778,122.8191944
LWK011,PAGIMANA,GPON00-D7-PGM-5,-0.794722222,122.6533333
LWK012,Makapa,SW-D7-TSEL-LWK012-4,-1.546666667,122.2197222
LWK013,Simpong_MW,SW-D7-LWK013-4,-0.966035,122.78194
LWK014,POH,GPON01-D7-PGM-4,-0.767222222,122.8488889
LWK015,Banubuang/Bonebai,SW-D7-TSEL-LWK012-4,-1.567694444,122.1581111
LWK016,ABASON,GPON01-D7-PGM-4,-0.761666667,122.4602778
LWK017,TANOMEA,GPON06-D7-LWU-4BGA,-0.791388889,122.9241667
LWK018,Tanjung_Batu,L2SW-D7-LWK018,-1.61521,122.08401
LWK019,LAMALA,L2SW-D7-LWK019,-0.90525,123.1400278
LWK020,Balantak,L2SW-D7-LWK019,-0.886083333,123.3901389
LWK021,Bualemo,L2SW-D7-LWK021,-0.5785,123.1413889
LWK022,Honduhon,SW-D7-HONDUHON-4,-0.864916667,123.0182778
LWK023,TBG-Sentra_Timur,GPON10-D7-LWU-4,-1.46956,122.36286
LWK024,TOMEANG,GPON01-D7-BUT-4,-0.931673,122.144432
LWK026,DMT_BTN_Kilongan,GPON04-D7-LWU-4,-0.9189,122.84468
LWK027,Kintom_Manyula,GPON011-D7-LWU-4KIN,-1.172805,122.634638
LWK028,Repeater _Komponyu,L2SW-D7-LWK028,-0.7919,122.2052
LWK029,TBG Piondo,GPON10-D7-LWU-4,-1.45386,122.24728
LWK034,Tombos,L2SW-D7-LWK019,-0.9507,123.3906
LWK035,Talaka,GPON01-D7-BUT-4,-0.847251,122.168095
LWK037,Maahas_MW,GPON01-D7-LWU-3,-1.000854,122.797995
LWK038,IPI_DCS,GPON10-D7-BKU-4,-2.506156,121.945717
LWK044,Bunga,GPON06-D7-LWU-4BGA,-0.918010501,122.9086784
LWK045,Longkoga,L2SW-D7-LWK045,-0.582976,123.080283
LWK047,Kilongan2_MW,GPON00-D7-LWU-5,-0.926416667,122.8438611
LWK048,TBG_Moilong,GPON10-D7-LWU-4,-1.443818,122.409326
LWK049,Nambo,GPON03-D7-LWU-3BBG,-1.07549,122.7351
LWK051,TBG_Kamiwangi,SW-D7-TSEL-LWK012-4,-1.555914,122.259134
LWK052,STP_Mekar_Kencana,L2SW-D7-LWK002,-1.453907,122.314467
LWK053,STP_Nuhon,GPON01-D7-BUT-4,-0.89244,122.15889
LWK056,TBG-Bantayan,GPON08-D7-LWU-4HDN,-0.844833,123.068
LWK059,DMT ISAT Arga Kencana,L2SW-D7-LWK004,-1.414055,122.381347
LWK060,DMT_Lobu,GPON01-D7-PGM-4,-0.784862027,122.6334191
LWK061,DMT Uso,L2SW-D7-LWK004,-1.256532,122.572763
LWK065,DeltacomselSimpong_MW,GPON00-D7-LWU-5,-0.97266,122.78537
LWK066,DMT XL Lumu,GPON09-D7-LWU-4,-0.98654,122.79039
LWK067,DMT AIRPORT LWK,GPON03-D7-LWU-3BBG,-1.037,122.76924
LWK068,DMT Tangkian,GPON011-D7-LWU-4KIN,-1.19982,122.62833
LWK069,lwk069,GPON02-D7-LWU-3BTI,-1.34209,122.4706
LWK070,DMT Sinorang Isat,L2SW-D7-LWK004,-1.3755,122.4368
LWK071,Saribuana,L2SW-D7-LWK002,-1.51713,122.31458
LWK072,DMT_Tikupon,L2SW-D7-LWK017,-0.67083,122.83665
LWK073,Deltacomsel_Balingara,GPON03-D7-APN-4UET,-0.9661,121.797
LWK075,Protelindo Makarti Toili,GPON12-D7-LWU-4MPK,-1.51041,122.22151
LWK076,DMT_Girimulya,L2SW-D7-LWK018,-1.649121,121.928034
LWK078,DMT Padungnyo,GPON03-D7-LWU-3BBG,-1.103284,122.718304
LWK080,Deltacomsel Lontos Luwuk,GPON08-D7-LWU-4HDN,-0.881151,122.975512
LWK083,TBG TOLISU,GPON10-D7-LWU-4,-1.436361111,122.2828333
LWK084,HOTELESTRELLA,GPON01-D7-LWU-3,-0.997978,122.793751
LWK085,Protelindo_Kilongan,GPON09-D7-LWU-4,-0.93498,122.80811
LWK086,Protelindo Luwuk Nipa,L2SW-D7-LWK019,-0.95255,123.16796
LWK087,Protelindo_luwuk_Balantang,GPON02-D7-LWU-3BTI,-1.2789,122.55825
LWK088,TBG BUNGIN TIMUR,GPON01-D7-LWU-3,-0.931822,122.82506
LWK090,GlobalElektronik_MW,GPON00-D7-LWU-5,-0.94769,122.79265
LWK091,IstanaResto_MW,GPON01-D7-LWU-3,-0.966,122.79
LWK092,HotelIstana_MW,GPON01-D7-LWU-3,-0.99016,122.7909
LWK094,HotelRosalina_MW,GPON01-D7-LWU-3,-0.95668,122.79347
LWK097,PercetakanSurya_MW,GPON00-D7-LWU-5,-0.94333,122.7968
LWK098,GeraiHaloLuwuk_MW,GPON01-D7-LWU-3,-0.951809,122.79172
LWK099,BankMuamalat_MW,GPON00-D7-LWU-5,-0.95975,122.79145
LWK100,HappyPuppy_MW,GPON01-D7-LWU-3,-0.981,122.786944
LWK121,MC AHMAD YANI LUWUK,GPON01-D7-LWU-3,-0.948,122.795694
LWK122,MC SAMRATULANGI LUWUK,GPON01-D7-LWU-3,-0.94556,122.79831
LWK125,TBG_SEMBAKUNG_KAYOWA,GPON02-D7-LWU-3BTI,-1.32155,122.50565
LWK126,TBG_Toili_Minakarya,GPON10-D7-LWU-4,-1.462288889,122.3766389
LWK127,CMI_KILONGAN,GPON04-D7-LWU-4,-0.92001,122.8605
LWK128,KERATONLUWUK,GPON01-D7-LWU-3,-0.96049,122.7871
LWK130,MC BTN PEPABRI LUWUK,GPON01-D7-LWU-3,-0.9583,122.7859
LWK131,MC DANAU POSO LUWUK,GPON01-D7-LWU-3,-0.9451,122.7953
LWK132,MC GUNUNG COLO,GPON01-D7-LWU-3,-0.940556,122.791972
LWK134,TBG_Beringin_Jaya,GPON01-D7-BUT-4,-0.875869444,122.2238611
LWK137,CMI NAMBO PADANG,GPON03-D7-LWU-3BBG,-1.08874,122.72545
LWK138,STP_Pakowa,GPON01-D7-PGM-4,-0.784862027,122.6334191
LWK139,CMI_Tirta_Toili,L2SW-D7-LWK002,-1.47224,122.3291
LWK140,TBG_Toili_Kencana,GPON10-D7-LWU-4,-1.45037,122.3401
LWK142,MC KOMPO,GPON01-D7-LWU-3,-0.967885,122.78684
LWK143,MC_SAHUNA,GPON01-D7-LWU-3,-0.94013,122.7986
LWK144,AgusSalim,GPON01-D7-LWU-3,-0.95069,122.7879
LWK147,STP_LUWUK_KILONGAN,GPON09-D7-LWU-4,-0.93859,122.81479
LWK148,AMIKNURMAL,GPON01-D7-LWU-3,-0.947998,122.79072
LWK150,Singkoyo-TBG,GPON10-D7-LWU-4,-1.397016,122.295026
LWK152,MCP Kompo Luwuk,GPON04-D7-LWU-4,-0.96861,122.7831
LWK153,DMT BUKIT HALIMUN LUWUK,GPON00-D7-LWU-5,-0.9962,122.78673
LWK160,PST_MCP_Soho,GPON04-D7-LWU-4,-0.94452,122.79045
LWK162,DMT_ISAT_Kayutanyo,GPON08-D7-LWU-4HDN,-0.897472222,123.0094444
LWK167,DMT_Lambangan,GPON01-D7-PGM-4,-0.807155,122.673554
LWK169,DMT_Mailong,GPON10-D7-LWU-4,-1.446419,122.412492
LWK172,PT.PAU,L2-D7-PAU_1,-1.239998,122.61259
LWK173,TBG Saiti,GPON01-D7-BUT-4,-0.93914,122.20823
LWK176,Purwo_Agung,GPON07-D7-LWU-4TGB,-0.833633,123.121811
LWK179,Cendanapura,GPON10-D7-LWU-4,-1.42713,122.35663
LWK181,TBG_Mekar_Jaya,SW-D7-TSEL-LWK012-4,-1.57366,122.19529
LWK184,DMT_Lembah_Tompotika,L2SW-D7-LWK045,-0.595788,123.050102
LWK195,Gonohop,GPON01-D7-BUT-4,-0.910393,122.264306
LWK198,DMT_Samadoya,GPON011-D7-LWU-4KIN,-1.15155,122.66282
LWK212,DMT_Non3T_Tuntung,L2SW-D7-LWK028,-0.79264,122.2994
LWK220,DMT_Non3T_Longkoga_Tim,L2SW-D7-LWK045,-0.57539,123.10952
LWK221,DMT Non 3T Kadodi,GPON01-D7-PGM-4,-0.79143,122.49518
LWK230,Molowagu,GPON09-D7-LWU-4,-0.95501,122.78378
LWK231,TBG_Sumber_Harjo,GPON10-D7-LWU-4,-1.440643,122.393453
LWK237,Pertamina Sinoro,SW01-CUST-JOB,-1.379049,122.477826
MRA001,STO Marisa,GPON00-D7-MRA-3,0.467777778,121.9372222
MRA002,Paguat,GPON00-D7-MRA-3,0.479444444,122.0825
MRA003,LEMITO,GPON05-D7-MRA-4LMT,0.54594,121.573
MRA004,MARISA,GPON00-D7-MRA-3,0.455611111,121.9373056
MRA006,Randangan,GPON03-D7-MRA-3,0.536015,121.815702
MRA008,Patilangio,GPON00-D7-MRA-3,0.502417,121.871
MRA010,RSUD POHUATO,GPON06-D7-MRA-4,0.477897,121.947242
MRA011,DUDEWULO,GPON08-D7-MRS-4DDW,0.49381,121.41075
MRA013,DMT KENARI,GPON04-D7-MRA-4PAG,0.47691,122.01439
MRA014,DMT Libuo,GPON04-D7-MRA-4PAG,0.47691,122.01439
MRA015,TBG Paguat,GPON04-D7-MRA-4PAG,0.499666667,122.0711111
MRA016,DMT Pohuwato,GPON00-D7-MRA-3,0.458861111,121.9496389
MRA017,DMT Buntulia Jaya,GPON00-D7-MRA-3,0.478055556,121.9329167
MRA019,DMT POPAYATO,GPON05-D7-MRA-4MLT,0.51318,121.474811
MRA021,DMT Pelambane,GPON03-D7-MRA-3RAN,0.53491,121.7471
MRA022,TBG Banuroja,GPON03-D7-MRA-3RAN,0.54979,121.78994
MRA023,TBG BUTUNGALE,GPON08-D7-MRS-4DDW,0.511673,121.413076
MRA026,TBG MOLAMAHU,GPON06-D7-MRA-4,0.50035,121.89989
MRA029,Buntulia Utara, GPON06-D7-MRA-4,0.500272,121.934131
MRA032,DMT ISAT PAGUAT,GPON04-D7-MRA-4,0.491158333,122.0754917
MRA046,TBG LOUNDON,GPON05-D7-MRA-4LMT,0.53698,121.48682
MRA049,Buntulia Utara,GPON06-D7-MRA-4,0.500113,121.934433
MRA054,DMT Suka Makmur,GPON03-D7-MRA-3RAN,0.531333,121.850047
MRA055,TBG ILO HELUMA,GPON03-D7-MRA-3RAN,0.546645,121.869332
MRA056,TBG kampung Bajo Torisiaje,GPON08-D7-MRS-4DDW,0.483827,121.439463
MRA057,TBG Perkantoran Marisa,GPON00-D7-MRA-3,0.46551,121.94619
MRW001,KOLONODALE,GPON00-D7-KOL-4,-1.97961,121.33649
MRW002,BUNGKU,PRTENG-SW-D7-BUNGKU,-2.546138889,121.97
MRW003,BAHONSUAI,L2SW-D7-MRW003,-2.220603527,121.7349411
MRW005,Tompira,L2-D7-MRW057,-2.0461,121.367
MRW006,Laantula Jaya,L2SW-D7-MRW003,-2.216228,121.621306
MRW007,Beteleme,L2-D7-MRW031,-2.15697,121.277305
MRW008,Wosi,PRTENG-SW-D7-BUNGKU,-2.352778,121.846513
MRW011,G$Mamosalato,L2SW-D7-LWK018,-1.634347,121.975498
MRW012,MRW012-Permanenisasi_COI396-Onepute,GPON06-D7-BKU-4BHT,-2.730589,122.008622
MRW013,PTI_Pasar_Bahodopi_Marsel,GPON09-D7-BKU-4FAT,-2.789816,122.11576
MRW014,Korowou,L2-D7-MRW031,-2.111226644,121.3562466
MRW015,Bungkin_Timbe,L2-D7-MRW057,-2.07452778,121.4439167
MRW016,BAHODOPI,L2SW-D7-MRW046,-2.79555192,122.1293139
MRW017,Bumi_raya,L2SW-D7-MRW003,-2.232472,121.674056
MRW019,Ungkaya(Adaut),L2-D7-MRW057,-2.214389985,121.5704735
MRW021,TBG_Keurea,GPON09-D7-BKU-4FAT,-2.799952,122.13288
MRW022,Kantor_Bupati_Morowali,GPON10-D7-BKU-4,-2.481664,121.938724
MRW023,Limbo_Makmur,L2SW-D7-MRW003,-2.2545,121.6844444
MRW024,BENTE,GPON10-D7-BKU-4,-2.490674,121.939043
MRW028,DMT_Atananga,L2SW-D7-MRW003,-2.217528,121.700833
MRW030,TBG Tompira 2,L2-D7-MRW031,-2.075149547,121.3932055
MRW031,TBG_Tinompo,L2-D7-MRW031,-2.133352534,121.2855327
MRW032,TBG Lembo,L2-D7-MRW031,-2.18118,121.30096
MRW033,TBG_LANONA,GPON10-D7-BKU-4,-2.417064,121.886029
MRW034,TBG_Matansalah,GPON10-D7-BKU-4,-2.527923,121.959637
MRW035,TBG_TOFUTI,GPON10-D7-BKU-4,-2.556793,121.975884
MRW036,TBG Pasar Emea,L2SW-D7-MRW003,-2.2185,121.601
MRW038,DMT_Lembon_Tonara,L2SW-D7-PSO013,-1.94154,120.92843
MRW039,DMT_Taliwa,L2SW-D7-PSO013,-1.96723,120.98561
MRW043,DMT Dolupo karya,L2SW-D7-MRW031,-2.28702,121.28993
MRW044,DMT_Bahomoleo,GPON10-D7-BKU-4,-2.456016,121.914207
MRW045,Bahomoteve,L2SW-D7-MRW045,-2.726415,122.020508
MRW046,DMT-FATUFIA,SW-D7-MRW046-FATUFIA,-2.819323818,122.1579815
MRW049,DMT_Ensa,L2SW-D7-PSO013,-2.02082,121.08252
MRW050,TBG Lemoborama,L2-D7-MRW031,-2.12,121.32427
MRW051,TBG_BAHOMAKMUR,GPON03-D7-BKU-4BDP,-2.808594,122.130352
MRW052,Leulea,L2SW-D7-MRW046,-2.794865,122.098668
MRW053,TBG_Pamona_Selatan,GPON04-D7-TEN-4PDJ,-2.17464,120.73818
MRW055,TBG Hana Salonsa,L2-D7-MRW057,-2.17105,121.516336
MRW056,ANUGRAH TAMBANG INDUSTRI,GPON10-D7-BKU-4,-2.4804,121.9384
MRW057,TBG-Mohoni,L2-D7-MRW057,-2.14884,121.49299
MRW058,Solonsa_Jaya,L2-D7-MRW057,-2.194062656,121.5395462
MRW059,TBG_Tofogaro,L2SW-D7-MRW003,-2.274294,121.77808
MRW061,PAB_Korololaki_DCS,GPON00-D7-KOL-4,-1.98672,121.34045
MRW062,TBG Torete Ermo,GPON08-D7-BKU-4BUL,-3.0098,122.2455
MRW064,TBG IAAS PLTU Transon,GPON08-D7-BKU-4BUL,-3.043,122.26167
MRW066,TBG IAAS Wanxiang Selatan,GPON06-D7-BKU-4BHT,-2.74064,122.04049
MRW077,TBG Artabumi,L2SW-D7-TRANSON,-3.05211,122.273
MRW081,DMT-GANDA_GANDA,GPON00-D7-KOL-4,-1.95417,121.3476
MRW082,TBG_Beteleme_Lembo,L2-D7-MRW031,-2.144130882,121.2846599
MRW083,API_Bungku_Tengah_DCS,GPON10-D7-BKU-4,-2.47725,121.9334
MRW085,MCR_RS_Kodal_DCS,GPON00-D7-KOL-4,-1.98339,121.33682
MRW087,DMT_Umbele,L2SW-D7-MRW003,-2.206852,121.664036
MRW088,DMT_Bahomohoni,GPON10-D7-BKU-4,-2.467497,121.927971
MRW089,WANXIANG,L2SW-D7-MRW045,-2.73488,122.03
MRW093,IMIP_Rusunawa,SW-D7-MRW046-FATUFIA,-2.858467,122.179429
MRW094,DMT_BETE_BETE,L2SW-D7-MRW094,-2.92494,122.23406
MRW095,DMT Tangofa,L2SW-D7-MRW094,-2.95347,122.27463
MRW096,MCP_Kolonadale,GPON00-D7-KOL-4,-1.981571,121.339964
MRW100,DMT_Isat_Moahino,L2SW-D7-MRW003,-2.20907,121.59154
MRW104,KOROMATANTU,ME-D7-KOL,-2.03691,121.33014
MRW105,DMT Sampalowo        ,GPON00-D7-KOL-4,-2.0584,121.29881
MRW110,DMT_Simpang_Bahodopi,GPON03-D7-BKU-4BDP,-2.79434,122.10946
MRW111,EBT_Tiu,GPON00-D7-KOL-4,-2.003672,121.2977
MRW114,EBT_Moahino,L2SW-D7-MRW003,-2.185816,121.60051
MRW117,TBG_FATUFIA,GPON03-D7-BKU-4BDP,-2.809226,122.153884
MRW120,TBG Bungku Timur,PRTENG-SW-D7-BUNGKU,-2.67793,122.007
MRW121,TBG Lahuafu,PRTENG-SW-D7-BUNGKU,-2.62096,121.99843
MRW122,DMT Fatufia 2,GPON05-D7-BKU-3BHM,-2.796415,122.148207
MRW123,DMT TUGU BAHOMAKMUR,GPON04-D7-BKU-3BHM,-2.81385,122.13228
MRW132,Combat_Korobonde,L2-D7-MRW031,-2.170972,121.250944
MRW136,SIUMBATU,L2SW-D7-MRW046,-2.763064,122.055304
MRW160,MCR_Penginapan_Rahmah,GPON03-D7-BKU-4BDP,-2.78867,122.12158
MRW162,TBG Bumi Harapan,GPON05-D7-KOL-4WTP,-2.23148,121.6062
MRW168,DMT Bente,GPON10-D7-BKU-4,-2.48377,121.93496
MRW175,DMT_Non3T_Lorebenu,L2SW-D7-MRW059,-2.33397,121.83612
MRW180,DMT_Marga_Mulya,L2SW-D7-MRW003,-2.2622,121.7477
MRW188,IAAS_B2B_PT.SEI,GPON00-D7-KOL-4,-2.01631,121.41072
MRW190,CAF PUNCAK,SW-D7-MRW046-FATUFIA,-2.82281,122.16918
MRW209,PT_SEI_Office,GPON00-D7-KOL-4,-2.016261111,121.4306389
MRW210,PT SEI Repeater Jetty,GPON00-D7-KOL-4,-1.989789,121.428807
MRW221,Infrasplitcapacity-SEI,GPON00-D7-KOL-4,-2.005028,121.43775
MRW267,Jetty_PT.SEI,GPON00-D7-KOL-4,-1.982196,121.434739
MRW354,Protelindo PT. Ana,L2-D7-MRW057,-2.1324444,121.4837778
MRW360,Baoshuo_Office,L2SW-D7-MRW059,-2.28914,121.7694
MRW363,Protelindo_Lambelu,L2SW-D7-MRW003,-2.2348,121.6943
MRW364,Badspot_3_Harapan,L2SW-D7-MRW003,-2.24657,121.72812
MRW365,BADSPOT4PELABUHANWATA,L2SW-D7-MRW003,-2.25206,121.75181
MRW366,DMT_Pelabuhan_Bahomante,GPON10-D7-BKU-4,-2.43788,121.90156
MRW367,Protelindo Dampala,GPON06-D7-BKU-4BHT,-2.7535,122.0319
MRW368,Protelindo Perum Griya Indah Bahadopi,GPON05-D7-BKU-3BHM,-2.8088,122.0956
MRW369,Protelindo Jl. Pendidikan Keurea,GPON04-D7-BKU-3BHM,-2.7986,122.1142
MRW370,Protelindo Penginapan Pelangi,GPON05-D7-BKU-3BHM,-2.7913,122.1233
MRW371,Protelindo Bahomakmur,GPON04-D7-BKU-3BHM,-2.8077,122.1217
MRW376,BADSPOT12MOLINO,GPON10-D7-BKU-4,-2.39628,121.86995
MRW377,DMT Makarti Jaya,GPON07-D7-BKU-5LAB,-2.8914,122.174442
MRW378,BTIIG2_BAOSHUO,L2SW-D7-MRW003,-2.26189,121.7714
MRW379,BTIIG2,L2SW-D7-MRW059,-2.2891,121.7694
MRW381,DMT MASJID NURUL IMAN,GPON04-D7-BKU-3BHM,-2.789789,122.129207
MRW912,DMT KEUREA,GPON05-D7-BKU-3BHM,-2.791498,122.14171
MRW913,DMT Pasar Malam Bahodopi,GPON05-D7-BKU-3BHM,-2.79005,122.13559
MRW914,DMT Bahomakmur,GPON04-D7-BKU-3BHM,-2.813014,122.13871
MRW915,DMT Ruko Bahadopi,GPON05-D7-BKU-3BHM,-2.799858,122.1518
MRW916,DMT Wahyu Fatufia,GPON04-D7-BKU-3BHM,-2.812307,122.14464
MRW917,DMT Desa Bahomakmur,GPON04-D7-BKU-3BHM,-2.80254,122.13002
MRW918,DMT_LABOTA2,SW-D7-MRW046-FATUFIA,-2.867307,122.18242
MRW919,Leulea 2,GPON04-D7-BKU-3BHM,-2.7855,122.08141
MRW920,DMT_LABOTA1,SW-D7-MRW046-FATUFIA,-2.8459,122.19109
MRW922,Combat_CRU_Bahomoahi,L2SW-D7-MRW045,-2.7079,122.00604
MRW923,SplitWosu-EMA,PRTENG-SW-D7-BUNGKU,-2.359601,121.849185
MRW924,DMT_TANGOFA_CHOIRUL,GPON08-D7-BKU-4BUL,-2.96164,122.29624
MRW925,DMT_Sakita,GPON10-D7-BKU-4,-2.55754,121.96658
MRW926,DMT Merpati Lalampu,GPON04-D7-BKU-3BHM,-2.796013,122.090695
MRW927,LABOTA,GPON07-D7-BKU-5LAB,-2.87596,122.18275
MRW928,DMT LORONG PAHLAWAN BAHADOPI,GPON04-D7-BKU-3BHM,-2.794771,122.119548
MRW929,DMT_Topogaro-Umpanga_Samsir,L2SW-D7-MRW003,-2.290018,121.794418
NTI030,DMT_Nain,GPON01-D7-PGM-4,-0.80313,122.61971
NTI034,N3TALITUPU,L2SW-D7-PSO212,-1.423949,120.352608
NTI044,DMT Toiba,L2SW-D7-LWK045,-0.63429,122.97635
NTI054,N3TBimaKarya-DMT,L2SW-D7-LWK021,-0.61453,123.31208
NTI056,N3TSampaka-DMT,L2SW-D7-LWK021,-0.60686,123.15747
NTI077,DMT_N3T_Buleleng,GPON08-D7-BKU-4BUL,-3.01527,122.22319
NTI079,DMT N3T Lembah Makmur,L2SW-D7-LWK021,-0.62125,123.12708
NTI080,N3TTrans_Mayayap,L2SW-D7-LWK017,-0.6464,122.9045
PAL001,PaluKandatel_MW,GPON00-D7-PLA-5,-0.895764,119.870592
PAL002,Tawaeli,ME-D7-TWI,-0.71982,119.864498
PAL003,DEWI SARTIKA,ME2-D7-PAL,-0.921209,119.894695
PAL004,PoeBongo_MW,GPON01-D7-PLB-3,-0.914718,119.856343
PAL005,Sisingamangaraja_MW,GPON01-D7-PLA-3,-0.88951,119.885199
PAL006,DUALHOMING-_TONDO,GPON05-D7-PLA-4,-0.841679,119.885114
PAL007,Kalukubula_MW,GPON01-D7-PLB-3,-0.963333333,119.8830556
PAL007#2,KALUKUBULA_ONT-2,GPON04-D7-PLB-4,-0.96328,119.883
PAL008,Asam_MW,GPON02-D7-PLA-3,-0.893885,119.842668
PAL009,TANJUNG SATU,GPON02-D7-PLA-3,-0.9071,119.885677
PAL010,TONDO_II,R7.TND.ME-TSEL.1,-0.786463,119.871814
PAL011,GAJAHMADA MICRO OUTDOOR,GPON01-D7-PLA-3,-0.897777778,119.8619444
PAL012,Yos Sudarso,ME-D7-PAL,-0.88116,119.878468
PAL013,Palu Plaza,ME-D7-PAL,-0.900174,119.862286
PAL016,DUALLHOMING-Pelabuhan_Wani_MW,GPON02-D7-TWL-4,-0.686351,119.835717
PAL017,Maranatha,L2SW-D7-PAL017,-1.05244,119.870977
PAL019,TBG PETOBO PERMAI,GPON06-D7-PLA-4,-0.868243,119.894426
PAL022,Gawalise_MW,GPON04-D7-PLB-4,-0.918027778,119.8385273
PAL023,RNC BANTENG,GPON01-D7-PLB-3,-0.93345,119.887961
PAL024,Lasoani_MW,ME-D7-PAL,-0.904367,119.907384
PAL025,Juanda_MW,ME-D7-PAL,-0.897467,119.881098
PAL027,Lere_MW,ME-D7-PAL,-0.88981,119.857923
PAL028,KayuMalue_MW,ME-D7-TWI,-0.755871,119.862026
PAL029,KantorWalikotaPalu_MW,ME-D7-PAL,-0.900027778,119.8914167
PAL034,Dolo_MW,GPON01-D7-PLB-3,-1.008734,119.878794
PAL036,BATUBATA,GPON01-D7-PLB-3,-0.917766,119.884496
PAL037,Siranindi_MW,GPON01-D7-PLB-3,-0.916957,119.865413
PAL047,Nupabomba,ME-D7-TWI,-0.743027,119.897242
PAL053,Lasoso_MW,GPON04-D7-PLB-4,-0.962201,119.920912
PAL055,Besusu_MW,GPON01-D7-PLA-3,-0.889154,119.875558
PAL056,Lolu_MW,GPON01-D7-PLA-3,-0.902001,119.872044
PAL057,BTNKelapaAsri_MW,GPON01-D7-PLB-3,-0.94988,119.885539
PAL058,Pantoloan,ME-D7-TWI,-0.701965,119.849434
PAL060,Silae_MW,GPON05-D7-PLA-4,-0.871583333,119.8304722
PAL061,KampungLere_MW,GPON03-D7-PLA-4,-0.885275,119.852463
PAL062,Balaroa_MW,GPON03-D7-PLA-4,-0.90572,119.839443
PAL063,Palupi_MW,GPON01-D7-PLB-3,-0.926431,119.855856
PAL064,DMTKasuari_MW,GPON02-D7-PLA-3,-0.911845,119.895401
PAL065,Birobuli_MW,GPON01-D7-PLB-3,-0.930414,119.900217
PAL066,Sibalaya_MW,L2SW-D7-PAL066,-1.151595,119.924302
PAL067,HotelSwissBellPalu_MW,GPON02-D7-PLA-3,-0.876666667,119.8365
PAL068,SKPRSUDUndata_MW,GPON01-D7-PLA-3,-0.857234,119.882597
PAL069,SKPUnismuh_MW,GPON01-D7-PLA-3,-0.871666667,119.8805278
PAL070,SKP_LAGARUTU,GPON05-D7-PLA-4,-0.883524,119.888848
PAL073,DMT MASOMBA,GPON01-D7-PLA-3,-0.905531,119.877549
PAL074,DMTBoyage_MW,GPON01-D7-PLA-3,-0.906309,119.854453
PAL075,DMTDolo_MW,GPON01-D7-PLB-3,-1.000336,119.875884
PAL076,DMTMamboro_MW,L2SW-D7-PAL076,-0.810444444,119.8825
PAL079,DMTZebraRaya_MW,GPON01-D7-PLB-3,-0.925659,119.883676
PAL083,DMT_Bukit_Sawerigading,GPON04-D7-PLB-4,-0.93381,119.86397
PAL086,DMTDuyu_MW,GPON01-D7-PLA-3,-0.911253,119.849476
PAL087,DMTJamurMicroOutdoor_MW,GPON03-D7-PLA-4,-0.905045,119.852049
PAL089,DMTKunduri_MW,GPON02-D7-PLA-3,-0.90195,119.84998
PAL090,DeltacomselGajahMada_MW,GPON01-D7-PLA-3,-0.897056,119.860056
PAL091,ProtelindoPaluPlazaMicro_MW,GPON01-D7-PLA-3,-0.899083,119.861083
PAL092,ProtelindoAlkaeratMicro_MW,GPON01-D7-PLA-3,-0.899909,119.858712
PAL093,DeltacomselPanglimaPolim_MW,GPON01-D7-PLA-3,-0.886257,119.868971
PAL094,ProtelindoKamonji_MW,GPON01-D7-PLA-3,-0.894896,119.852124
PAL095,DMTMoh.Yamin_MW,GPON01-D7-PLB-3,-0.91773,119.890605
PAL096,ProtelindoPLTUTawaili_MW,ME-D7-TWI,-0.731803,119.858455
PAL097,TBG JEMBATAN KUNING,GPON01-D7-PLA-3,-0.885777778,119.857
PAL098,DMTPoboya_MW,GPON01-D7-PLA-3,-0.892668,119.909913
PAL099,DMT WATUSAMPU,GPON01-D7-PLA-3,-0.814065,119.809775
PAL100,DMT LAYANA,GPON02-D7-PLA-3,-0.80815,119.90265
PAL101,DMTGuntarano_MW,ME-D7-TWI,-0.771373,119.88653
PAL102,DMT_Moro,GPON01-D7-TWL-4,-0.6888,119.8709
PAL103,TBGKabonena_MW,GPON01-D7-PLA-3,-0.884405,119.832932
PAL104,PABJalur2palu_MW,GPON01-D7-PLA-3,-0.896865,119.886354
PAL105,PABPalubarat_MW,GPON01-D7-PLA-3,-0.900034,119.833699
PAL106,TBGLambara_MW,GPON00-D7-TWL-3,-0.732512,119.877763
PAL107,TBG TAIPA,GPON00-D7-TWL-3,-0.771374,119.870945
PAL108,TBGTalise_MW,GPON01-D7-PLA-3,-0.869191,119.875701
PAL110,SKPNunu_MW,GPON01-D7-PLB-3,-0.908588,119.865047
PAL112,DMT PERDOS UNTAD,GPON02-D7-PLA-3,-0.844722222,119.8951389
PAL113,DMT_Pelabuhan_Pantoloan,GPON01-D7-TWL-4,-0.70845,119.86071
PAL114,Jalanmonginsidi_MW,GPON01-D7-PLA-3,-0.904227,119.874815
PAL115,Pusatpertokoan_MW,GPON02-D7-PLA-3,-0.89676,119.86768
PAL116,JalanVeteran_MW,GPON01-D7-PLA-3,-0.899167,119.895556
PAL117,BranchOfficePT.Telesindo_MW,GPON01-D7-PLA-3,-0.892441,119.867838
PAL118,DMT BATU ADAM_MW,GPON02-D7-PLA-3,-0.89107,119.847703
PAL119,DMT ZEBRA INDAH_MW,GPON01-D7-PLB-3,-0.92132,119.88892
PAL120,DMT ANOA TATURA,GPON01-D7-PLB-3,-0.913679,119.884815
PAL123,DMTMetroPaluRegency_MW,GPON01-D7-PLB-3,-0.915517,119.878286
PAL125,DMT SETIA BUDI (DUALHOMING),GPON01-D7-PLA-3,-0.887279,119.880085
PAL126,DMT Donggala Kodi,GPON02-D7-PLA-3,-0.89963,119.84042
PAL128,DMT_PALUPI_PERMAIL,GPON04-D7-PLB-4,-0.9267,119.865
PAL129,ProtelindoKomplekTransmigrasi_MW,GPON01-D7-PLB-3,-0.927185,119.906563
PAL130,ProtelindoMutiaraPalu_MW,GPON05-D7-PLB-4,-0.914495,119.901795
PAL131,PROTELINDO BIROMARU,GPON01-D7-PLB-3,-0.95674,119.898129
PAL133,LEKATU,GPON02-D7-PLB-3,-0.92311,119.86023
PAL134,Protelindo_Diponegoro_Ulujadi,GPON05-D7-PLA-4,-0.88445,119.84112
PAL135,PROTELINDO_PENGAU,GPON04-D7-PLB-4,-0.92762,119.845704
PAL136,PROTELINDO LERE RAHMAN,GPON03-D7-PLA-4,-0.891577,119.83469
PAL137,Palu Barat 3/Protelindo Lasoso Kabonena,GPON02-D7-PLA-3,-0.886972,119.840771
PAL138,ProtelindoHasanuddinToto_MW,GPON01-D7-PLA-3,-0.881677,119.83297
PAL139,Prot. Palu Timur Lolu,GPON02-D7-PLA-3,-0.904786,119.86779
PAL142,Protelindo_Boyaoge_DCS,GPON04-D7-PLB-4,-0.942275,119.84375
PAL145,TALISE PALU TIMUR 2,GPON01-D7-PLA-3,-0.88174,119.88485
PAL147,KALUKUBULA KARANJA,GPON05-D7-PLB-4,-0.942518,119.896518
PAL148,Protelindo Besusu Tarua,GPON05-D7-PLB-4,-0.921136,119.877301
PAL149,TBG Roviga,GPON01-D7-PLB-3,-0.848752,119.891605
PAL150,MARAWOLA_2,GPON04-D7-PLB-4,-0.93482,119.87108
PAL151,Miangas,GPON04-D7-PLB-4,-0.910896,119.86964
PAL152,TBGTalisePaluTimur_MW,GPON00-D7-PLA-5,-0.892723,119.871766
PAL153,TBGSamratPaluTimur_MW,GPON01-D7-PLA-3,-0.88115,119.87251
PAL154,TBG Gerbang Tondo,GPON01-D7-PLA-3,-0.848856,119.881728
PAL155,DMTTERUSANMARAWOLA,GPON01-D7-PLB-3,-0.989625,119.87373
PAL156,DMTLereLasoso_MW,GPON03-D7-PLA-4,-0.88518,119.83614
PAL157,DMTManondaDuyu_MW,GPON02-D7-PLA-3,-0.909541,119.844386
PAL158,DMT_Buru_Mamboro,GPON01-D7-TWL-4,-0.79731,119.87384
PAL159,DMT BESUSU MANIMBAYA,GPON02-D7-PLA-3,-0.910202,119.881395
PAL160,DMT DEWISARTIKA PALU,GPON04-D7-PLB-4,-0.92641,119.89811
PAL161,MCRTombolotutu_MW,GPON00-D7-PLA-5,-0.88122,119.87583
PAL163,MCOtista_MW,GPON02-D7-PLA-3,-0.891915,119.878708
PAL164,DMT Talise Rusa,GPON03-D7-PLA-4,-0.878204,119.873313
PAL165,DMTPaluTimur_MW,GPON02-D7-PLA-3,-0.895047,119.876152
PAL166,DMT_Karana_Mamboro,GPON01-D7-TWL-4,-0.78697,119.88021
PAL168,PALU_1414,GPON03-D7-PLA-4,-0.89849,119.84875
PAL169,Protelindo_Tuloborder,L2SW-D7-PAL066,-1.16777,119.93213
PAL170,PROT_DUSUN_2_SUNJU,GPON04-D7-PLB-4,-0.955511111,119.8823
PAL171,ProtelindoTranskulawi_MW,GPON01-D7-PLB-3,-0.97669,119.87853
PAL172,PROTELINDO_GUMBASA PALU,GPON02-D7-PLB-3,-0.905598,119.860695
PAL174,SIRANINDI PALU BARAT,GPON01-D7-PLB-3,-0.91953,119.84879
PAL175,PROTELINDO BESUSU MANGGIS,GPON03-D7-PLA-4,-0.901187,119.85573
PAL176,Protelindo_Citraland_Palu,GPON05-D7-PLA-4,-0.8316,119.88308
PAL177,TBGBirobuliUtara_MW,GPON01-D7-PLB-3,-0.954341,119.922918
PAL178,TBGLoluUtara_MW,GPON05-D7-PLB-4,-0.927668,119.88949
PAL179,TBGMeiliDonggala_MW,GPON01-D7-PLA-3,-0.9088,119.87855
PAL180,SPBU_KAYUMALUE,GPON01-D7-TWL-4,-0.743414,119.863
PAL181,TBGJuandaKesehatan_MW,GPON01-D7-PLA-3,-0.900526,119.877466
PAL182,TBGBesusuBarat_MW,GPON03-D7-PLA-4,-0.888735,119.852673
PAL183,TBGBesusuTengah_MW,GPON04-D7-PLA-4,-0.899181,119.864578
PAL184,TBG SUHARSA,GPON02-D7-PLA-3,-0.89334,119.86329
PAL185,PALU TIMUR 8/DMT BESUSU YAMIN,GPON02-D7-PLA-3,-0.910547,119.887915
PAL186,DMT Terusan Dolo Palu,GPON01-D7-PLB-3,-1.019481,119.881683
PAL187,PROTELINDO PALU BARU,GPON03-D7-PLA-4,-0.893865,119.856573
PAL188,TBG_TAIPA_PALU,GPON01-D7-TWL-4,-0.763527778,119.863
PAL189,LAYANAN TONDO,GPON02-D7-PLA-3,-0.81931,119.88075
PAL194,ProtelindoTanamodindi,GPON05-D7-PLA-4,-0.903853,119.895812
PAL201,TOKO GALAXY,ME2-D7-PAL,-0.9121,119.8759
PAL205,MC Toko Indah,ME-D7-PAL,-0.896046,119.861465
PAL207,MCTokoModern_MW,GPON00-D7-PLB-5,-0.91837,119.87672
PAL208,MC TOKO ALUMINIUM,GPON01-D7-PLB-3,-0.910026,119.855978
PAL209,SMP ALAZHAR,GPON05-D7-PLA-4,-0.902186,119.898366
PAL210,MCTokoSuryaIndah_MW,GPON01-D7-PLA-3,-0.898301,119.873821
PAL214,MCRSuharsa_MW,GPON01-D7-PLA-3,-0.890108,119.866977
PAL215,PROTELINDO_VATUTELA,GPON05-D7-PLA-4,-0.845073,119.907915
PAL217,Protelindo Lolu,GPON01-D7-PLB-3,-0.961122,119.907231
PAL218,MC GURU TUA,GPON02-D7-PLB-3,-0.93897,119.884173
PAL219,MCR DAYODARA,GPON02-D7-PLA-3,-0.88533,119.89346
PAL221,MCRSBudiAgung_MW,GPON00-D7-PLB-5,-0.907114,119.874223
PAL223,MCR MANGGIS,GPON03-D7-PLA-4,-0.90191,119.84527
PAL226,MCRBanteng_MW,GPON01-D7-PLB-3,-0.93095,119.89548
PAL230,MC JALAN BEO,GPON01-D7-PLA-3,-0.90808,119.891238
PAL231,MC Ruko Tsel_MW,GPON01-D7-PLB-3,-0.91913,119.879843
PAL236,MCR Dewi Sartika,GPON01-D7-PLB-3,-0.9256,119.89515
PAL242,MC RS Anutapura,GPON02-D7-PLA-3,-0.90088,119.848764
PAL245,MCKiMangunSarkoro_MW,GPON01-D7-PLA-3,-0.89497,119.884029
PAL248,MC Black Canyon Palu,GPON02-D7-PLA-3,-0.885018,119.87545
PAL262,MC Ruko Wijaya,GPON02-D7-PLA-3,-0.896275,119.877573
PAL267,Gedung_Pusat_Riset_UNTAD,GPON05-D7-PLA-4,-0.836805556,119.8993889
PAL268,Gedung Rumah Sakit UNTAD,GPON05-D7-PLA-4,-0.843111111,119.8970556
PAL269,Rektorad UNTAD,GPON02-D7-PLA-3,-0.83661,119.89388
PAL270,UNTAD4 Pusat Bahasa,GPON01-D7-PLB-3,-0.832234,119.896
PAL272,NEW GRAPARI PALU,GPON01-D7-PLA-3,-0.899219,119.888029
PAL273,BandaraMutiaraPalu_MW,GPON00-D7-PLA-5,-0.919102,119.907246
PAL274,PaluGrandMall_MW,GPON02-D7-PLA-3,-0.884123,119.84329
PAL277,EBTTamanRia_MW,GPON03-D7-PLA-4,-0.88044,119.83776
PAL282,EBTPatungKuda_MW,GPON01-D7-PLA-3,-0.884879,119.867525
PAL283,EBTJalanLangsat_MW,GPON00-D7-PLA-5,-0.89748,119.85448
PAL284,EBTRadenSaleh_MW,GPON00-D7-PLA-5,-0.887129,119.871187
PAL286,MCRKetimun_MW,GPON02-D7-PLA-3,-0.906069444,119.8489111
PAL288,Kamonji,GPON02-D7-PLA-3,-0.901196,119.8519
PAL290,MCWRSupratman_MW,GPON03-D7-PLA-4,-0.897658,119.851861
PAL292,MC Diponegoro Palu,GPON02-D7-PLA-3,-0.915606,119.895038
PAL293,MC ENRESTO,GPON01-D7-PLA-3,-0.894989,119.878977
PAL296,MC SPACE BAR_MW,GPON01-D7-PLB-3,-0.918485,119.899332
PAL297,MCRTomboloDua_MW,GPON03-D7-PLA-4,-0.88441,119.87946
PAL298,MC SMK JAMUR_MW,GPON01-D7-PLB-3,-0.93344,119.884849
PAL300,MCRPasarTavanjuka_MW,GPON01-D7-PLB-3,-0.922845,119.865374
PAL301,MCPermataRegency_MW,GPON04-D7-PLB-4,-0.921199,119.884147
PAL302,TBGSamratulangiPalu_MW,GPON01-D7-PLA-3,-0.891103,119.870214
PAL304,TBGLoluSelatan_MW,GPON01-D7-PLA-3,-0.90143,119.88256
PAL305,TBG Hayam Wuruk,GPON02-D7-PLA-3,-0.88909,119.86237
PAL306,TBG TANGGUL SELATAN,GPON01-D7-PLB-3,-0.924714,119.902322
PAL308,TBGBULUMASOMBA,GPON01-D7-PLA-3,-0.902999,119.911613
PAL309,TBGTombolotutu,GPON02-D7-PLA-3,-0.89024,119.89039
PAL310,TBGKelinciTalise_MW,GPON01-D7-PLA-3,-0.873945,119.876109
PAL311,TBG GATOT SUBROTO,GPON01-D7-PLA-3,-0.89161,119.87441
PAL312,TBG_LOLU_LASOSO,GPON05-D7-PLB-4,-0.956371,119.91619
PAL313,TINANDA SILAE,GPON02-D7-PLA-3,-0.877147,119.83061
PAL314,POBOYA,GPON03-D7-PLA-4,-0.8821,119.910082
PAL315,TBGVALANGGUNI,GPON01-D7-PLA-3,-0.886624,119.883457
PAL316,TBGMAMBOROBARAT,GPON00-D7-TWL-3,-0.789603,119.867575
PAL317,TBG GARUDA,GPON02-D7-PLA-3,-0.907875,119.898549
PAL318,TBGTanjungDako,GPON01-D7-PLA-3,-0.90311,119.87941
PAL319,TBG_Terminal_Tipo,GPON05-D7-PLA-4,-0.86152,119.82739
PAL327,TBG MCP TIPO ULUJADI,GPON02-D7-PLA-3,-0.89971,119.88483
PAL329,TBG MCP PENGADILAN AGAMA,GPON02-D7-PLA-3,-0.89272,119.8512
PAL330,TBG MCP DENPAL,GPON02-D7-PLA-3,-0.9049,119.87051
PAL331,TBG MCP SDN3 BIROBULI,GPON01-D7-PLB-3,-0.93147,119.89146
PAL332,TBG MCP BTN Birobuli_MW,GPON01-D7-PLB-3,-0.92845,119.89359
PAL333,TBG MCP BTN PENGAWU,GPON01-D7-PLB-3,-0.914944,119.84678
PAL334,TBG_MCP_Kawatuna,GPON05-D7-PLA-4,-0.917337898,119.9320946
PAL336,TBG MCP KANCIL PALUPI,GPON04-D7-PLB-4,-0.9161,119.87268
PAL337,MCR BATUBATA INDAH,GPON02-D7-PLA-3,-0.9157,119.88855
PAL342,TBG MCP MERANTI NUNU,GPON01-D7-PLB-3,-0.91123,119.86104
PAL344,TBG_MCP_LURAH_LASOANI,GPON02-D7-PLA-3,-0.89818,119.903209
PAL345,KARANJA LEMBAH RESIDENCE,GPON01-D7-PLB-3,-0.93697,119.89269
PAL346,MCR TONDO,GPON02-D7-PLA-3,-0.9069772,119.882874
PAL351,TBG MCP Anjungan TVRI,GPON03-D7-PLA-4,-0.88618,119.86324
PAL352,TBG MCP SIRANINDI,GPON02-D7-PLA-3,-0.89724,119.8578
PAL353,TBG MCP BULURI,GPON03-D7-PLA-4,-0.85094,119.82433
PAL354,TBG MCP YONIF 711,GPON01-D7-PLB-3,-0.91441,119.87419
PAL355,TBG MCP PEGADAIAN PENGAWU,GPON01-D7-PLB-3,-0.92237,119.85641
PAL356,TBG MCP BAYAOGE,GPON01-D7-PLA-3,-0.89201,119.88232
PAL357,TBG MCP PALUPI 1,GPON01-D7-PLB-3,-0.92794,119.85943
PAL359,TANGKASI,GPON00-D7-PLB-5,-0.92905,119.88754
PAL360,TBG MCP JLN MULAWARMAN,GPON02-D7-PLA-3,-0.89469,119.86635
PAL361,TBG MCP Hotel Pavilion,GPON03-D7-PLA-4,-0.89203,119.86548
PAL362,TBG MCP LAPANGAN LASOSO,GPON02-D7-PLA-3,-0.88927,119.84387
PAL363,TBG MCP SDN27,GPON02-D7-PLA-3,-0.90306,119.88598
PAL365,TBG MCP KANTOR LURAH BARU,GPON03-D7-PLA-4,-0.89343,119.86011
PAL366,BTN PALUPI 2,GPON02-D7-PLB-3,-0.93063,119.8619
PAL367,MCP BTN PUSKUD,GPON01-D7-PLB-3,-0.92929,119.85464
PAL368,TBG MCP ZEBRA BIROBULI,GPON01-D7-PLB-3,-0.92105,119.8919
PAL369,PROTELINDO_KAYADOE,GPON01-D7-PLB-3,-0.92215,119.89945
PAL372,TBG MCP MARY GLOW,GPON01-D7-PLA-3,-0.90034,119.8689
PAL377,MCR SAMRAT PALU,GPON02-D7-PLA-3,-0.88453,119.87115
PAL379,EBT MC BALAIKOTA PALU,GPON01-D7-PLA-3,-0.90076,119.89196
PAL387,TBG Tondo Pantai,GPON05-D7-PLA-4,-0.83634,119.88086
PAL390,EBT MCP KAWATUNA,GPON04-D7-PLA-4,-0.90864,119.92303
PAL392,MCR JLN JAMUR,GPON03-D7-PLA-4,-0.90746,119.85181
PAL393,Brizky Hotel,GPON05-D7-PLA-4,-0.85351,119.88214
PAL395,API Bale,GPON01-D7-TWL-4,-0.77522,119.90826
PAL396,PALU 1327,GPON02-D7-PLA-3,-0.843277,119.890515
PAL434,DMT_Merpati_Dengelo,GPON05-D7-PLA-4,-0.89291,119.8937
PAL435,Huntap_Tondo_(site permanen),GPON05-D7-PLA-4,-0.83064,119.90643
PAL436,DMT_CPM_Poboya,GPON04-D7-PLA-4,-0.85897,119.93431
PAL451,EBT-Soeharto,GPON04-D7-PLB-4,-0.93569,119.92483
PGI001,Parigi_MW,GPON00-D7-PGI-5,-0.80854,120.172117
PGI002,Tolai (BSC Parigi),L2SW-D7-TSEL-PGI002,-0.98687,120.34165
PGI003,Amphibabo,SW10G-D7-TSEL-PGI003,-0.457222222,120.0648333
PGI004,TORIBULU,SW-D7-PGI004,-0.319138889,120.0141111
PGI006,Kasimbar,SW-D7-PGI004,-0.145611111,120.0306944
PGI007,Tada,L2SW-D7-PGI063,-0.040321,120.067763
PGI008,TINOMBO_ONT-1,GPON01-D7-TNB-4,0.387087,120.28504
PGI009,SumberSari_MW,ME-D7-PRG,-0.920866,120.243628
PGI010,SIGENTI,L2SW-D7-PGI010,0.127666667,120.1240833
PGI011,PALASA/Tomini,GPON02-D7-TNB-4,0.482777778,120.4375
PGI012,MOUTONG,GPON00-D7-MOT-4,0.465661,121.225553
PGI013,Margapura,L2SW-D7-PGI060,0.4917,120.9678
PGI014,Santigi,ME-D7-STG,0.474206,120.828127
PGI015,SAUSU_CITY,GPON02-D7-TLY-4SUS,-1.0477,120.4478
PGI016,TOBOLI,GPON01-D7-PGI-3,-0.70854,120.09703
PGI017,Gio,GPON00-D7-MOT-4,0.46385,121.10416
PGI018,TORUE,GPON01-D7-TLY-4,-0.959638889,120.2915833
PGI019,PARIGI2,GPON01-D7-PGI-3,-0.824071,120.179123
PGI020,BAMBALEMO_Lebo,GPON00-D7-PGI-5,-0.781343,120.149288
PGI021,TBG_Lemusa,GPON02-D7-PGI-4,-0.86492,120.18234
PGI022,Pelawa_MW,GPON00-D7-PGI-5,-0.750789,120.113587
PGI023,TOMOLI,SW-D7-PGI004,-0.381416667,120.0349722
PGI024,SINIU,GPON04-D7-PGI-4APB,-0.539888889,120.0470833
PGI027,SULI_PARIGI,GPON01-D7-TLY-4,-1.0098889,120.40203
PGI028,BALINGGI,GPON01-D7-TLY-4,-0.96217,120.400311
PGI062,MSI_Silampayang,L2SW-D7-PGI063,-0.069166,120.033486
PGI032,DMT Kalamau Mensung,GPON03-D7-KOR-4,0.536388,120.7083
PGI033,EBT Tinombo Selatan,L2SW-D7-PGI063,-0.03834,120.05888
PGI034,Sritabaang,L2SW-D7-PGI060,0.453556,120.904
PGI035,Tomini,GPON02-D7-KOR-3TMI,0.513111111,120.5433056
PGI036,Tilung,GPON01-D7-KOR-4,0.524332,120.630241
PGI037,MM1_Karya_Agung,L2SW-D7-PGI060,0.512356,121.020428
PGI038,Maleali,GPON05-D7-PSO-4TBR ,-1.073373,120.541037
PGI040,SINIU,GPON01-D7-TNB-4,0.276998,120.208081
PGI041,DMT Wanagading Barat,L2SW-D7-PGI060,0.515824,120.997823
PGI042,Sejoli,GPON00-D7-MOT-4,0.48762,121.33201
PGI043,Masigi,GPON05-D7-PGI-4,-0.816698,120.161351
PGI044,Mensung,GPON03-D7-KOR-4,0.5145,120.6982778
PGI045,DMT Kasimbar Barat,L2SW-D7-PGI063,-0.136073,119.978229
PGI046,DMT Singura Toribulu,GPON04-D7-PGI-4APB,-0.336183,119.988653
PGI047,BKKBN_024,GPON02-D7-TNB-4,0.49034,120.45617
PGI048,TBG Lobu Moutong,GPON00-D7-MOT-4,0.48536,121.216248
PGI049,TBG Kayu Jati,GPON01-D7-KOR-4,0.479611,120.790505
PGI051,Olaya,GPON02-D7-PGI-4,-0.84366,120.18652
PGI052,DMT Wanagading,GPON07-D7-KOR-4PLP,0.50956,120.986188
PGI053,Sekarsari,GPON01-D7-TLY-4,-0.9805,120.3669444
PGI054,Mepanga,GPON03-D7-KOR-4,0.575471,120.752224
PGI055,Dusun_Enam,GPON01-D7-KOR-4,0.486805556,120.7781389
PGI057,DMT Maesa,GPON02-D7-PGI-4,-0.81555,120.173734
PGI058,PTI_Sausu,GPON02-D7-TLY-4SUS,-1.060416667,120.4597222
PGI059,DMT-Totole,GPON04-D7-PGI-4APB,-0.495976,120.047387
PGI060,MSI-Bulano,L2SW-D7-PGI060,0.47532,120.92591
PGI031,DMT Donggulu,SW-D7-PGI004,-0.221671,120.007638
PGI063,MSI_Posona,L2SW-D7-PGI063,-0.104861111,120.0349167
PGI065,TBG_Torue-2,GPON01-D7-TLY-4,-0.975229,120.313538
PGI067,DMT_SIPAYO,L2SW-D7-PGI010,0.1842,120.1234
PGI068,Sidoan_Selatan,GPON01-D7-TNB-4,0.24802,120.17989
PGI069,DMT BOBALO,GPON02-D7-TNB-4,0.429777,120.319333
PGI072,DMT_BAINAA,GPON01-D7-TNB-4,0.33346,120.240239
PGI073,DMT_ULATAN,GPON02-D7-TNB-4,0.462001,120.373003
PGI074,TBG_Ongka,GPON01-D7-KOR-4,0.527979,120.78635
PGI075,TBG_Tinombala,GPON03-D7-KOR-4,0.575199,120.766119
PGI076,TBG_Karya-Agung_II,L2SW-D7-PGI060,0.496268,121.052413
PGI079,TBG_Wanaprasta,GPON01-D7-TLY-4,-1.00302,120.36514
PGI081,Protelindo Bambalemo Parigi_MW,GPON00-D7-PGI-5,-0.7938,120.1633
PGI082,Sulawesi 00410,GPON02-D7-TNB-4,0.47886,120.42184
PGI083,TBG Nambaru,GPON03-D7-PGI-4SBS,-0.93251,120.23898
PGI084,TBG Salepae Morutong,GPON00-D7-MOT-4,0.48489,121.24302
PGI085,ONGKA PERSTUAN,GPON01-D7-KOR-4,0.50523,120.77797
PGI086,PALNBBC13_TBG Toruedantolai,GPON01-D7-TLY-4,-0.982659,120.32971
PGI087,TBG PELAWA PARIGI,GPON02-D7-PGI-4,-0.758427,120.124677
PGI090,EBT-Moutong_Barat,GPON00-D7-MOT-4,0.4619,121.2052
PGI092,EBT_Dusunan_Tinombo,GPON01-D7-TNB-4,0.39675,120.29
PGI096,MCBankMegaParigi_MW,GPON00-D7-PGI-5,-0.810802,120.174319
PGI097,MCAnugerahParigi_MW,GPON00-D7-PGI-5,-0.812662,120.177204
PGI102,Protelindo_Masigi,GPON02-D7-PGI-4,-0.81324,120.16795
PGI107,DMT Isat Pinotu,SW-D7-PGI004,-0.2866,120.0081
PGI110,DMT_Parigimpuu,GPON05-D7-PGI-4,-0.81525,120.13419
PGI115,TBG_Biga_Tomini,GPON02-D7-KOR-3TMI,0.51356,120.51597
PGI116,DMT Tombi,GPON04-D7-PGI-4APB,-0.44759,120.0214
PGI118,TBG_Wanamukti_Utara,L2SW-D7-PGI060,0.516555,120.93838
PGI122,DMT_SIGENTI_BARAT,L2SW-D7-PGI010,0.14248,120.10004
PGI125,EBT Sidole,GPON04-D7-PGI-4APB,-0.47242,120.025266
PGI128,Sumbersari,GPON03-D7-PGI-4SBS,-0.946272,120.26259
PGI129,SIDOAN_SELATAN_2,L2SW-D7-PGI010,0.221825,120.151382
PGI134,DMT_Bolano_Lambunu,L2SW-D7-PGI060,0.517309,120.961646
PGI145,EBT Mepanga Parimo,GPON01-D7-KOR-4,0.51833,120.65881
PGI176,Protelindo Siendeng,L2SW-D7-PGI060,0.455938333,120.9719833
PGI177,DMT_Sumber_Agung,GPON00-D7-KOR-5,0.55948,120.74068
PSO001,Poso,GPON01-D7-PSO-3,-1.391111111,120.7766667
PSO002,Ampana_MW,GPON00-D7-APN-5,-0.872611111,121.5834167
PSO003,Tentena_MW,GPON00-D7-TEN-5,-1.755086111,120.6406639
PSO005,Mapane_MW,GPON03-D7-PSO-4,-1.400194444,120.6341389
PSO006,MAYAKELI,GPON01-D7-TEN-4,-1.771916667,120.6066111
PSO007,PENDOLO,GPON03-D7-TEN-4PEN,-2.07904,120.68533
PSO008,Tumora,GPON05-D7-PSO-4TBR,-1.121722222,120.5766389
PSO009,BUYUMBOYO,L2SW-D7-PSO-BBY,-1.387449,120.773616
PSO011,LOMUSA,GPON03-D7-TEN-4PEN,-2.037222222,120.7610556
PSO012,PLTA Poso,GPON01-D7-TEN-4,-1.646388889,120.6727778
PSO013,Taripa,L2SW-D7-PSO013,-1.891777778,120.8307778
PSO014,PosoCityII_MW,GPON00-D7-PSO-5,-1.399138889,120.7532778
PSO016,Kilotrans,GPON05-D7-PSO-4TBR,-1.273138889,120.5935278
PSO019,TAGOLU,GPON01-D7-PSO-3,-1.438472222,120.7711111
PSO020,DMT Watuawu,GPON03-D7-PSO-4,-1.486975,120.760165
PSO021,Salura_DCS,L2SW-D7-BETALEMBA,-1.417813439,120.6764452
PSO022,Wuasa,L2SW-D7-PSO212,-1.4236,120.3131
PSO024,Uekuli,L2SW-D7-PSO027,-1.42947,121.11553
PSO025,MAROWO,GPON02-D7-APN-4,-0.94873,121.4612
PSO026,Repeater Rappapatoo,GPON01-D7-APN-3,-0.911833333,121.5019167
PSO027,Ujung_Tibu,L2SW-D7-PSO027,-1.40311,120.98305
PSO028,Tombiano,L2SW-D7-PSO027,-1.42921,121.02951
PSO029,Barati,L2SW-D7-PSO029,-2.007323,120.829392
PSO041,KELEI,GPON01-D7-TEN-4,-1.770333333,120.7035278
PSO046,Sawidago Tentena,GPON02-D7-TEN-4,-1.735194444,120.6675833
PSO047,PENDOLO,GPON04-D7-TEN-4PDJ,-2.113042,120.695689
PSO050,AmpanaKota_MW,GPON00-D7-APN-5,-0.87025,121.5665833
PSO055,Kawende,GPON05-D7-PSO-4TBR,-1.21676,120.557545
PSO058,Uentanaga,GPON02-D7-APN-4,-0.91188,121.583451
PSO060,DMT Lore Peore,L2SW-D7-PSO060,-1.561126,120.352637
PSO061,TBG_Pamona_Utara,GPON02-D7-TEN-4,-1.735,120.6499722
PSO062,DMT Tokilo,GPON03-D7-TEN-4PEN,-2.0235,120.712389
PSO063,MAENGKO LAMA,GPON01-D7-PSO-3,-1.397844,120.71418
PSO065,TBG Matako,GPON03-D7-PSO-4,-1.414342,120.884845
PSO066,Kasiguncu,GPON04-D7-PSO-5BTL,-1.437352,120.609267
PSO067,Maliwoku_MW,GPON00-D7-PSO-5,-1.416277778,120.7580278
PSO068,TegalRejo_MW,GPON00-D7-PSO-5,-1.375195,120.781
PSO069,DMTKasintuwu_MW,GPON00-D7-PSO-5,-1.38311,120.75808
PSO071,TBG Molotong,GPON01-D7-APN-3,-0.879833333,121.5387222
PSO073,TBGAmpanainner_MW,GPON00-D7-APN-5,-0.866555556,121.5784167
PSO074,DMTKayamanya_MW,GPON00-D7-PSO-5,-1.390111111,120.7476389
PSO075,DMT-Pandajaya,GPON04-D7-TEN-4PDJ,-2.122356,120.705018
PSO076,SANGELE,GPON01-D7-TEN-4,-1.766287,120.642275
PSO078,TBGGebangRejo_MW,GPON00-D7-PSO-5,-1.39365,120.75601
PSO079,TBG_Toyado,GPON03-D7-PSO-4,-1.401705,120.833135
PSO080,TBG_Mawomba,L2SW-D7-PSO027,-1.44501,121.07056
PSO081,DMTAmpanaOuter_MW,GPON00-D7-APN-5,-0.86538,121.59289
PSO083,DMT_SILANCA,GPON03-D7-PSO-4,-1.436114,120.79648
PSO085,DMT_Didiri,L2SW-D7-PSO013,-1.79581,120.74431
PSO086,DMT_Olu_Mokunde,L2SW-D7-PSO013,-1.902123,120.900527
PSO088,Saemba,L2SW-D7-PSO029,-2.02859,120.86868
PSO098,DMTSoe_MW,L2SW-D7-PSO098,-1.77822,120.58856
PSO099,PSO099-DMT_Tonusu,GPON01-D7-TEN-4,-1.78321,120.559
PSO102,DMT_Bente_Maroso,GPON02-D7-PSO-4,-1.425624,120.769621
PSO103,PUSUNGI,GPON01-D7-APN-3,-0.89756,121.628
PSO104,TETEA,GPON01-D7-APN-3,-0.89081,121.65351
PSO105,TBG_PT.SPS,GPON00-D7-KOL-4,-1.91962,121.32597
PSO108,PROTELINDO UEMALINGKU AMPANA,GPON01-D7-APN-3,-0.88168,121.59348
PSO111,TBG Sansarino_DCS,GPON00-D7-APN-5,-0.912638889,121.5764444
PSO114,Protelindo_Sayo,GPON02-D7-PSO-4,-1.40716,120.757603
PSO121,MC TOSERBA POSO_MW,GPON01-D7-PSO-3,-1.393026,120.751449
PSO124,DMT LABUAN,GPON01-D7-APN-3,-0.85478,121.60155
PSO125,MCBandaraAmpana_MW,GPON00-D7-APN-5,-0.862878,121.624389
PSO127,DMT MCP MUARA RATOLINDO,GPON01-D7-APN-3,-0.86811,121.58689
PSO129,MC Ampana Kota,GPON01-D7-APN-3,-0.86965,121.5814
PSO132,MC_DONDO_RATULINDO,GPON00-D7-APN-5,-0.8602,121.5974
PSO134,MCR POSO CITY MALL,GPON01-D7-PSO-3,-1.386908,120.743249
PSO137,DMT PLTA POSO,GPON01-D7-TEN-4,-1.651913,120.656589
PSO140,Kasiguncu,L2SW-D7-BETALEMBA,-1.422306,120.661222
PSO141,Anugerah_Aco,GPON03-D7-PSO-4,-1.3852,120.732
PSO143,#REF!,GPON01-D7-TEN-4,-1.841661,120.51725
PSO145,DMT Meko,GPON05-D7-TEN-4TNS,-1.884456,120.524389
PSO146,Puncak _Dingin,L2SW-D7-PSO212,-1.319,120.30203
PSO147,DMT_Lawanga,GPON02-D7-PSO-4,-1.36964,120.76734
PSO149,DMT Betalemba,L2SW-D7-BETALEMBA,-1.456115,120.641394
PSO151,TBG _Saojo,GPON02-D7-TEN-4,-1.70178,120.65529
PSO152,EBT_Matako,GPON03-D7-PSO-4,-1.42035,120.91335
PSO154,DMT MCP BONESOMPE,GPON02-D7-PSO-4,-1.38818,120.75284
PSO165,STP_Bailo_Ampana,GPON00-D7-APN-5,-0.87686,121.55324
PSO183,Bantuga,GPON03-D7-APN-4UET,-0.956873,121.72791
PSO191,PTI Pandiri,GPON02-D7-PSO-4,-1.514872,120.74902
PSO192,DMT_NON3T_Bumi_Banyusari,L2SW-D7-PSO212,-1.44384,120.32768
PSO196,DMT_NON3T_Winowanga,L2SW-D7-PSO212,-1.46639,120.39137
PSO197,DMT Non3t Rompo,L2SW-D7-PSO060,-1.624087,120.30212
PSO212,DMT_NON3T_Watumaeta,L2SW-D7-PSO212,-1.39989,120.31682
SAK006,Rep. Alakasing,SW-D7-TSEL-SAK027,-1.340886289,123.2880808
SAK007,Repeater Tazan,SW-D7-TSEL-SAK027,-1.20903,123.18392
SAK011,BUNGKUKONO,GPON01-D7-BGI-4,-1.60325,123.4988333
SAK013,DMT Bungkukono,GPON01-D7-BGI-4,-1.614333333,123.5913333
SAK017,DMT Peling Tengah,SW-D7-TSEL-SAK027,-1.4238,123.1745
SAK019,TBG_RSUD_Banggai,GPON01-D7-BGI-4,-1.63738,123.52141
SAK020,DMT_Banggai_Utara,GPON01-D7-BGI-4,-1.500519444,123.5135889
SAK022,DMT_Tinangkung_Utara,GPON02-D7-BGI-4SLK,-1.26771,123.44943
SAK027,TBG Ambelang,SW-D7-TSEL-SAK027,-1.39351,123.24796
SAK033,PROTELINDO_BANGGAI_CITY,GPON01-D7-BGI-4,-1.57962,123.49581
SAK050,TBG_Tintingo_Banggai,GPON01-D7-BGI-4,-1.67546,123.52731
SAK052,MCR_Sidapore_DCS,GPON02-D7-BGI-4SLK,-1.30924,123.29049
SAK059,DMT_MM_Polres_Salakan,GPON02-D7-BGI-4SLK,-1.316378,123.284276
SAK073,TBG_LAMPA,GPON01-D7-BGI-4,-1.61019,123.49367
SAK074,Matanga,GPON01-D7-BGI-4,-1.70339,123.58587
SAK075,Tatakalai_Qin,GPON02-D7-BGI-4SLK,-1.259767,123.41312
SAK083,KAUTU,GPON02-D7-BGI-4SLK,-1.275669,123.326389
SAK090,KOKINI,GPON01-D7-BGI-4,-1.59275,123.52833
SAK091,KOKINI,GPON01-D7-BGI-4,-1.63683,123.48592
SAK108,BCBONGGANAN,GPON02-D7-BGI-4SLK,-1.32378,123.29018
SBU001,DMT_KELAPA_GADING,GPON04-D7-PLB-4,-0.949758,119.896911
SBU002,BC HUNTAP POMBEWE,L2SW-D7-SBU002,-1.023155,119.95098
SBU003,TBG_HUNTAP_POMBEWE,GPON06-D7-PLB-5PBW,-0.98722,119.93686
SWW001,Suwawa,GPON01-D7-GTL-3,0.535277778,123.1322222
SWW003,Suwawa II,GPON01-D7-GTL-3,0.564944444,123.1201944
SWW004,TALUDAA,GPON11-D7-GTL-4TLD,0.31033,123.34091
SWW005,REPEATER TALUDAA,L2SW-D7-TSEL-SWW005,0.32312,123.26934
SWW006,Molintogupo,GPON01-D7-GTL-3,0.526972222,123.1709444
SWW007,Bondawuna,GPON07-D7-GTL-4SWW,0.510547,123.20391
SWW008,BONE PANTAI,GPON11-D7-GTL-4TLD,0.317095,123.43065
SWW009,DMT Bulango Timur,GPON01-D7-GTL-3,0.599666667,123.0986389
SWW010,DMT Bandungan,GPON03-D7-GTL-3,0.608333333,123.0661944
SWW012,TAMBO,GPON10-D7-GTL-3BLG,0.3891,123.1994
SWW013,DMT Pesantren Cendekia,GPON01-D7-GTL-3,0.551083333,123.1266667
SWW014,DMT Luwohu,GPON04-D7-GTL-3,0.530027778,123.0956944
SWW016,DMT Dumbaya Bulan,GPON07-D7-GTL-4SWW,0.51035,123.2483
SWW017,PROTELINDO OLELE,GPON10-D7-GTL-3BLG,0.41148,123.1533
SWW019,DMT Moodu,GPON01-D7-GTL-3,0.55155,123.13725
SWW020,Protelindo Tamalate,GPON01-D7-GTL-3,0.532,123.1508
SWW021,PROT Pelita Bone Raya,GPON11-D7-GTL-4TLD,0.31402,123.32874
SWW026,MCP_Talomopatu,GPON05-D7-GTL-4,0.60761,123.08755
TLI001,ToliToli_MW,GPON00-D7-TOL-5,1.041934,120.817464
TLI002,Kota Raya,GPON01-D7-KOR-4,0.542709,120.726905
TLI003,SANDANA,GPON01-D7-TOL-3,1.093888889,120.8022222
TLI004,MM1_Ogotua,L2SW-D7-TLI005,0.970541,120.279302
TLI005,MM1_Soni,L2SW-D7-TLI005,0.76462,120.1934
TLI006,Toli-toli 2,GPON00-D7-TOL-5,1.016949,120.785808
TLI007,MM1_Tompoh,SW-D7-TSEL-TLI041,0.94352,120.32137
TLI008,Repeater-Pasir_Putih,L2-D7-TLI008,0.636401,120.667441
TLI009,Repetaer_Tanjung_Penyu,SW-D7-TSEL-TLI041,0.919982,120.24295
TLI011,Tinabogan,L2SW-D7-TLI035,0.782244,120.52547
TLI012,Tuweley_MW,GPON00-D7-TOL-5,1.042852,120.825383
TLI013,RUMAH_SERATUS,GPON04-D7-TOL-4,1.029944444,120.8109722
TLI014,Bandara_Lalos,GPON04-D7-TOL-4,1.125518,120.802284
TLI015,TBG-Dako_Pamean,GPON03-D7-TOL-4GLP,1.24213,120.81918
TLI016,TBG Cengkeh Tuweley,GPON00-D7-TOL-5,1.047079,120.83381
TLI017,Dungingis,L2SW-D7-TLI019,1.2668,120.8089
TLI018,Repeater Kapas,L2SW-D7-TLI019,1.3225,120.8088
TLI019,Laulalang,L2SW-D7-TLI019,1.3443,120.9431
TLI020,DMT Lempe Bangkir ,L2SW-D7-TLI005,0.7782,120.2663
TLI022,TBG_TAMBUN,GPON02-D7-TOL-4,1.001111111,120.7836944
TLI023,M41_Toli-ToliUtara,L2SW-D7-TLI019,1.3322,120.9291
TLI024,TBG_Bambapula,SW-D7-TSEL-TLI041,0.97645,120.298278
TLI025,SIDOARJO,GPON04-D7-TOL-4,1.052944444,120.7999444
TLI026,Pasar Sandana,GPON01-D7-TOL-3,1.08029,120.80476
TLI028,DMT_Ginunggung,GPON02-D7-TOL-4,1.110722222,120.8020833
TLI029,DMT_Panasakan_DCS,GPON04-D7-TOL-4,1.050036,120.818525
TLI030,DMT-Veteran-Baolan,GPON00-D7-TOL-5,1.034472222,120.8185833
TLI031,M41_Salumpaga-TBG,L2SW-D7-TLI019,1.339333,120.980806
TLI032,SKP_Galumpang,GPON03-D7-TOL-4GLP,1.218222,120.81119
TLI033,BKKBN_005,L2SW-D7-TLI005,0.752458,120.203566
TLI034,DMT OGOAMAS,L2SW-D7-TLI034,0.9576,120.26489
TLI035,Malala,L2SW-D7-TLI035,0.76625,120.545068
TLI036,DMTLampasio_MW,L2-D7-TLI036,0.903361,120.8000556
TLI037,DMT_Gadung,L2SW-D7-TLI037,1.06066,121.68216
TLI040,DMT Kinapasan,L2SW-D7-TLI036,0.83562,120.77925
TLI041,DMT_Banagan,SW-D7-TSEL-TLI041,0.85242,120.3274
TLI042,DMT_Malomba,L2SW-D7-TLI035,0.77721,120.47352
TLI044,DMT_Dampal_Utara,SW-D7-TSEL-TLI041,0.952135,120.250344
TLI045,DMT_Tinigi,GPON04-D7-TOL-4,1.124301,120.8306
TLI046,PAB-TOLI,GPON00-D7-TOL-5,1.0335,120.813
TLI047,Protel-Bambapun,L2SW-D7-TLI035,0.790642,120.415852
TLI048,DMT_Ogomoligi_Toweley_DCS,GPON04-D7-TOL-4,1.04838,120.82734
TLI049,MT_TOLI_YOSSUDARSO,GPON04-D7-TOL-4,1.037058,120.813558
TLI050,PROTELINDO_PARASAKAN_BAOLAN,GPON04-D7-TOL-4,1.04673,120.81357
TLI051,SalumbiaLeok-PTI,L2SW-D7-TLI035,0.83612,120.35204
TLI052,NALU,GPON04-D7-TOL-4,1.02315,120.79784
TLI059,MC_MUH_HATTA,GPON04-D7-TOL-4,1.04101,120.81151
TLI061,Plaza Toli Toli,GPON01-D7-TOL-3,1.043297,120.810528
TLI062,MC_Baolan_Baru_DCS,GPON04-D7-TOL-4,1.040299,120.814848
TLI064,MC-MALATUANG,GPON02-D7-TOL-4,1.039,120.821
TLI070,PASAR BMH TOLI,GPON01-D7-TOL-3,1.03536,120.81606
TLI073,Toliyossudarso,GPON02-D7-TOL-4,1.05147,120.81135
TLI074,DMT_MM_Baru_Baolan,GPON02-D7-TOL-4,1.03553,120.82443
TLI075,DMT_MM_Tuweley_Baolan_DCS,GPON04-D7-TOL-4,1.0451,120.82095
TLI077,Kombo_TBG,L2SW-D7-TLI005,0.749037,120.16329
TLI085,TBG_Ogogasang,L2SW-D7-TLI035,0.78214,120.44329
TLI087,TBG Sibea,L2-D7-TLI036,0.90419,120.86272
TLI090,STP_Bangkir,L2SW-D7-TLI005,0.78869841,120.2360303
TLI096,PUSE,L2SW-D7-TLI005,0.7622,120.24697
PSO194,DMT Non 3T Betue,L2SW-D7-PSO060,-1.59957,120.33042
SAK026,TBG Bulagi Utara,L2SW-D7-SAK007,-1.221111,123.145278
MRW374,Protelindo_Bete_Bete,L2SW-D7-MRW094,-2.90276,122.21339
MRW373,Protelindo_Makarti,L2SW-D7-MRW094,-2.8889,122.1853
PGI025,DMT Marantale,GPON01-D7-PGI-3,-0.624753,120.059291
MRW037,DMT Hana Lantula 2,L2SW-D7-MRW046,-2.22655,121.62243
MRW076,BDM Morowali,L2SW-D7-MRW046,-2.826794,122.164244
MRW078,BDM Morowali 2,L2SW-D7-MRW046,-2.8388,122.15738
MRW086,MC_Pasar_Bungku,L2SW-D7-MRW046,-2.53658,121.96219
MRW372,Protelindo_Pertigaan_Labota,L2SW-D7-MRW046,-2.83616,122.18648
PAL081,DMT Lekatu,GPON01-D7-PLB-3,-0.920463,119.869747
PAL279,EBT Rono Pantai,GPON00-D7-PLA-5,-0.883762,119.848444
PGI103,API_TAMAN SISWA,GPON01-D7-PGI-3,-0.80709,120.17734
PSO031,Mayasari,GPON04-D7-TEN-4PDJ,-2.139481,120.726736
PSO097,TENTENA 2,GPON00-D7-TEN-5,-1.74974,120.65222
BOA025,DMT Bendungan Mananggu,GPON01-D7-MRA-3MNG,0.51192,122.14777
DGL016,Namo,L2SW-D7-PAL066,-1.414932,119.978685
DGL027,Ombo,L2SW-D7-DGL006,-0.283986,119.778949
ISM059,DMT Buladu,L2SW-D7-TSEL-ISM018,0.982972,122.507647
